Year,Period,Area,Income Source,Income Type,Income
2022,Annual,California,U.S. BEA - Local Data,Per Capita Personal Income - BEA,"$77,036"
2022,Annual,California,U.S. BEA - Local Data,Total Personal Income - BEA,"$3,006,647,281"
2021,Annual,California,U.S. BEA - Local Data,Per Capita Personal Income - BEA,"$76,991"
2021,Annual,California,U.S. BEA - Local Data,Total Personal Income - BEA,"$3,013,676,929"
2020,Annual,California,U.S. BEA - Local Data,Per Capita Personal Income - BEA,"$70,061"
2020,Annual,California,U.S. BEA - Local Data,Total Personal Income - BEA,"$2,767,521,379"
2019,Annual,California,U.S. BEA - Local Data,Per Capita Personal Income - BEA,"$64,174"
2019,Annual,California,U.S. BEA - Local Data,Total Personal Income - BEA,"$2,537,950,599"
2018,Annual,California,U.S. BEA - Local Data,Per Capita Personal Income - BEA,"$60,984"
2018,Annual,California,U.S. BEA - Local Data,Total Personal Income - BEA,"$2,411,055,136"
2017,Annual,California,U.S. BEA - Local Data,Per Capita Personal Income - BEA,"$58,214"
2017,Annual,California,U.S. BEA - Local Data,Total Personal Income - BEA,"$2,295,048,653"
2016,Annual,California,U.S. BEA - Local Data,Per Capita Personal Income - BEA,"$55,863"
2016,Annual,California,U.S. BEA - Local Data,Total Personal Income - BEA,"$2,191,138,011"
2015,Annual,California,U.S. BEA - Local Data,Per Capita Personal Income - BEA,"$53,817"
2015,Annual,California,U.S. BEA - Local Data,Total Personal Income - BEA,"$2,097,049,575"
2014,Annual,California,U.S. BEA - Local Data,Per Capita Personal Income - BEA,"$53,949"
2014,Annual,California,U.S. BEA - Local Data,Total Personal Income - BEA,"$2,103,669,473"
2022,Annual,Alameda County,U.S. BEA - Local Data,Per Capita Personal Income - BEA,"$97,754"
2022,Annual,Alameda County,U.S. BEA - Local Data,Total Personal Income - BEA,"$159,241,119"
2021,Annual,Alameda County,U.S. BEA - Local Data,Per Capita Personal Income - BEA,"$98,657"
2021,Annual,Alameda County,U.S. BEA - Local Data,Total Personal Income - BEA,"$162,176,203"
2020,Annual,Alameda County,U.S. BEA - Local Data,Per Capita Personal Income - BEA,"$87,561"
2020,Annual,Alameda County,U.S. BEA - Local Data,Total Personal Income - BEA,"$147,136,291"
2019,Annual,Alameda County,U.S. BEA - Local Data,Per Capita Personal Income - BEA,"$79,878"
2019,Annual,Alameda County,U.S. BEA - Local Data,Total Personal Income - BEA,"$134,505,557"
2018,Annual,Alameda County,U.S. BEA - Local Data,Per Capita Personal Income - BEA,"$74,193"
2018,Annual,Alameda County,U.S. BEA - Local Data,Total Personal Income - BEA,"$124,671,796"
2017,Annual,Alameda County,U.S. BEA - Local Data,Per Capita Personal Income - BEA,"$69,258"
2017,Annual,Alameda County,U.S. BEA - Local Data,Total Personal Income - BEA,"$115,789,437"
2016,Annual,Alameda County,U.S. BEA - Local Data,Per Capita Personal Income - BEA,"$65,215"
2016,Annual,Alameda County,U.S. BEA - Local Data,Total Personal Income - BEA,"$108,327,158"
2015,Annual,Alameda County,U.S. BEA - Local Data,Per Capita Personal Income - BEA,"$61,618"
2015,Annual,Alameda County,U.S. BEA - Local Data,Total Personal Income - BEA,"$101,231,136"
2014,Annual,Alameda County,U.S. BEA - Local Data,Per Capita Personal Income - BEA,"$37,285"
2014,Annual,Alameda County,U.S. BEA - Local Data,Total Personal Income - BEA,"$101,953"
2022,Annual,Alpine County,U.S. BEA - Local Data,Per Capita Personal Income - BEA,"$67,551"
2022,Annual,Alpine County,U.S. BEA - Local Data,Total Personal Income - BEA,"$80,386"
2021,Annual,Alpine County,U.S. BEA - Local Data,Per Capita Personal Income - BEA,"$69,869"
2021,Annual,Alpine County,U.S. BEA - Local Data,Total Personal Income - BEA,"$86,288"
2020,Annual,Alpine County,U.S. BEA - Local Data,Per Capita Personal Income - BEA,"$74,088"
2020,Annual,Alpine County,U.S. BEA - Local Data,Total Personal Income - BEA,"$89,202"
2019,Annual,Alpine County,U.S. BEA - Local Data,Per Capita Personal Income - BEA,"$79,397"
2019,Annual,Alpine County,U.S. BEA - Local Data,Total Personal Income - BEA,"$94,006"
2018,Annual,Alpine County,U.S. BEA - Local Data,Per Capita Personal Income - BEA,"$74,453"
2018,Annual,Alpine County,U.S. BEA - Local Data,Total Personal Income - BEA,"$85,025"
2017,Annual,Alpine County,U.S. BEA - Local Data,Per Capita Personal Income - BEA,"$68,653"
2017,Annual,Alpine County,U.S. BEA - Local Data,Total Personal Income - BEA,"$80,393"
2016,Annual,Alpine County,U.S. BEA - Local Data,Per Capita Personal Income - BEA,"$70,376"
2016,Annual,Alpine County,U.S. BEA - Local Data,Total Personal Income - BEA,"$77,273"
2015,Annual,Alpine County,U.S. BEA - Local Data,Per Capita Personal Income - BEA,"$63,924"
2015,Annual,Alpine County,U.S. BEA - Local Data,Total Personal Income - BEA,"$71,467"
2014,Annual,Alpine County,U.S. BEA - Local Data,Per Capita Personal Income - BEA,"$21,415"
2014,Annual,Alpine County,U.S. BEA - Local Data,Total Personal Income - BEA,"$62,959"
2022,Annual,Amador County,U.S. BEA - Local Data,Per Capita Personal Income - BEA,"$48,463"
2022,Annual,Amador County,U.S. BEA - Local Data,Total Personal Income - BEA,"$2,006,939"
2021,Annual,Amador County,U.S. BEA - Local Data,Per Capita Personal Income - BEA,"$49,980"
2021,Annual,Amador County,U.S. BEA - Local Data,Total Personal Income - BEA,"$2,056,386"
2020,Annual,Amador County,U.S. BEA - Local Data,Per Capita Personal Income - BEA,"$47,359"
2020,Annual,Amador County,U.S. BEA - Local Data,Total Personal Income - BEA,"$1,919,536"
2019,Annual,Amador County,U.S. BEA - Local Data,Per Capita Personal Income - BEA,"$43,913"
2019,Annual,Amador County,U.S. BEA - Local Data,Total Personal Income - BEA,"$1,760,594"
2018,Annual,Amador County,U.S. BEA - Local Data,Per Capita Personal Income - BEA,"$41,827"
2018,Annual,Amador County,U.S. BEA - Local Data,Total Personal Income - BEA,"$1,660,611"
2017,Annual,Amador County,U.S. BEA - Local Data,Per Capita Personal Income - BEA,"$41,237"
2017,Annual,Amador County,U.S. BEA - Local Data,Total Personal Income - BEA,"$1,602,167"
2016,Annual,Amador County,U.S. BEA - Local Data,Per Capita Personal Income - BEA,"$40,310"
2016,Annual,Amador County,U.S. BEA - Local Data,Total Personal Income - BEA,"$1,519,574"
2015,Annual,Amador County,U.S. BEA - Local Data,Per Capita Personal Income - BEA,"$39,764"
2015,Annual,Amador County,U.S. BEA - Local Data,Total Personal Income - BEA,"$1,481,210"
2014,Annual,Amador County,U.S. BEA - Local Data,Per Capita Personal Income - BEA,"$27,473"
2014,Annual,Amador County,U.S. BEA - Local Data,Total Personal Income - BEA,"$70,997"
2022,Annual,Butte County,U.S. BEA - Local Data,Per Capita Personal Income - BEA,"$54,974"
2022,Annual,Butte County,U.S. BEA - Local Data,Total Personal Income - BEA,"$11,396,345"
2021,Annual,Butte County,U.S. BEA - Local Data,Per Capita Personal Income - BEA,"$56,011"
2021,Annual,Butte County,U.S. BEA - Local Data,Total Personal Income - BEA,"$11,548,920"
2020,Annual,Butte County,U.S. BEA - Local Data,Per Capita Personal Income - BEA,"$51,308"
2020,Annual,Butte County,U.S. BEA - Local Data,Total Personal Income - BEA,"$10,781,637"
2019,Annual,Butte County,U.S. BEA - Local Data,Per Capita Personal Income - BEA,"$45,917"
2019,Annual,Butte County,U.S. BEA - Local Data,Total Personal Income - BEA,"$9,927,494"
2018,Annual,Butte County,U.S. BEA - Local Data,Per Capita Personal Income - BEA,"$42,630"
2018,Annual,Butte County,U.S. BEA - Local Data,Total Personal Income - BEA,"$9,718,118"
2017,Annual,Butte County,U.S. BEA - Local Data,Per Capita Personal Income - BEA,"$41,581"
2017,Annual,Butte County,U.S. BEA - Local Data,Total Personal Income - BEA,"$9,423,550"
2016,Annual,Butte County,U.S. BEA - Local Data,Per Capita Personal Income - BEA,"$40,662"
2016,Annual,Butte County,U.S. BEA - Local Data,Total Personal Income - BEA,"$9,126,674"
2015,Annual,Butte County,U.S. BEA - Local Data,Per Capita Personal Income - BEA,"$39,352"
2015,Annual,Butte County,U.S. BEA - Local Data,Total Personal Income - BEA,"$8,782,120"
2014,Annual,Butte County,U.S. BEA - Local Data,Per Capita Personal Income - BEA,"$24,259"
2014,Annual,Butte County,U.S. BEA - Local Data,Total Personal Income - BEA,"$60,800"
2022,Annual,Calaveras County,U.S. BEA - Local Data,Per Capita Personal Income - BEA,"$56,001"
2022,Annual,Calaveras County,U.S. BEA - Local Data,Total Personal Income - BEA,"$2,607,568"
2021,Annual,Calaveras County,U.S. BEA - Local Data,Per Capita Personal Income - BEA,"$56,723"
2021,Annual,Calaveras County,U.S. BEA - Local Data,Total Personal Income - BEA,"$2,621,697"
2020,Annual,Calaveras County,U.S. BEA - Local Data,Per Capita Personal Income - BEA,"$54,090"
2020,Annual,Calaveras County,U.S. BEA - Local Data,Total Personal Income - BEA,"$2,452,765"
2019,Annual,Calaveras County,U.S. BEA - Local Data,Per Capita Personal Income - BEA,"$50,095"
2019,Annual,Calaveras County,U.S. BEA - Local Data,Total Personal Income - BEA,"$2,265,619"
2018,Annual,Calaveras County,U.S. BEA - Local Data,Per Capita Personal Income - BEA,"$47,296"
2018,Annual,Calaveras County,U.S. BEA - Local Data,Total Personal Income - BEA,"$2,126,248"
2017,Annual,Calaveras County,U.S. BEA - Local Data,Per Capita Personal Income - BEA,"$45,833"
2017,Annual,Calaveras County,U.S. BEA - Local Data,Total Personal Income - BEA,"$2,060,809"
2016,Annual,Calaveras County,U.S. BEA - Local Data,Per Capita Personal Income - BEA,"$44,010"
2016,Annual,Calaveras County,U.S. BEA - Local Data,Total Personal Income - BEA,"$1,967,729"
2015,Annual,Calaveras County,U.S. BEA - Local Data,Per Capita Personal Income - BEA,"$42,659"
2015,Annual,Calaveras County,U.S. BEA - Local Data,Total Personal Income - BEA,"$1,897,268"
2014,Annual,Calaveras County,U.S. BEA - Local Data,Per Capita Personal Income - BEA,"$29,553"
2014,Annual,Calaveras County,U.S. BEA - Local Data,Total Personal Income - BEA,"$72,202"
2022,Annual,Colusa County,U.S. BEA - Local Data,Per Capita Personal Income - BEA,"$55,502"
2022,Annual,Colusa County,U.S. BEA - Local Data,Total Personal Income - BEA,"$1,216,260"
2021,Annual,Colusa County,U.S. BEA - Local Data,Per Capita Personal Income - BEA,"$59,102"
2021,Annual,Colusa County,U.S. BEA - Local Data,Total Personal Income - BEA,"$1,295,098"
2020,Annual,Colusa County,U.S. BEA - Local Data,Per Capita Personal Income - BEA,"$56,086"
2020,Annual,Colusa County,U.S. BEA - Local Data,Total Personal Income - BEA,"$1,225,922"
2019,Annual,Colusa County,U.S. BEA - Local Data,Per Capita Personal Income - BEA,"$44,658"
2019,Annual,Colusa County,U.S. BEA - Local Data,Total Personal Income - BEA,"$970,603"
2018,Annual,Colusa County,U.S. BEA - Local Data,Per Capita Personal Income - BEA,"$45,624"
2018,Annual,Colusa County,U.S. BEA - Local Data,Total Personal Income - BEA,"$986,398"
2017,Annual,Colusa County,U.S. BEA - Local Data,Per Capita Personal Income - BEA,"$41,189"
2017,Annual,Colusa County,U.S. BEA - Local Data,Total Personal Income - BEA,"$896,350"
2016,Annual,Colusa County,U.S. BEA - Local Data,Per Capita Personal Income - BEA,"$41,196"
2016,Annual,Colusa County,U.S. BEA - Local Data,Total Personal Income - BEA,"$891,925"
2015,Annual,Colusa County,U.S. BEA - Local Data,Per Capita Personal Income - BEA,"$39,272"
2015,Annual,Colusa County,U.S. BEA - Local Data,Total Personal Income - BEA,"$838,573"
2014,Annual,Colusa County,U.S. BEA - Local Data,Per Capita Personal Income - BEA,"$21,897"
2014,Annual,Colusa County,U.S. BEA - Local Data,Total Personal Income - BEA,"$65,310"
2022,Annual,Contra Costa County,U.S. BEA - Local Data,Per Capita Personal Income - BEA,"$95,047"
2022,Annual,Contra Costa County,U.S. BEA - Local Data,Total Personal Income - BEA,"$109,965,993"
2021,Annual,Contra Costa County,U.S. BEA - Local Data,Per Capita Personal Income - BEA,"$94,834"
2021,Annual,Contra Costa County,U.S. BEA - Local Data,Total Personal Income - BEA,"$110,320,394"
2020,Annual,Contra Costa County,U.S. BEA - Local Data,Per Capita Personal Income - BEA,"$86,359"
2020,Annual,Contra Costa County,U.S. BEA - Local Data,Total Personal Income - BEA,"$100,692,971"
2019,Annual,Contra Costa County,U.S. BEA - Local Data,Per Capita Personal Income - BEA,"$80,243"
2019,Annual,Contra Costa County,U.S. BEA - Local Data,Total Personal Income - BEA,"$93,446,849"
2018,Annual,Contra Costa County,U.S. BEA - Local Data,Per Capita Personal Income - BEA,"$78,504"
2018,Annual,Contra Costa County,U.S. BEA - Local Data,Total Personal Income - BEA,"$91,160,536"
2017,Annual,Contra Costa County,U.S. BEA - Local Data,Per Capita Personal Income - BEA,"$74,770"
2017,Annual,Contra Costa County,U.S. BEA - Local Data,Total Personal Income - BEA,"$86,335,914"
2016,Annual,Contra Costa County,U.S. BEA - Local Data,Per Capita Personal Income - BEA,"$70,261"
2016,Annual,Contra Costa County,U.S. BEA - Local Data,Total Personal Income - BEA,"$80,449,066"
2015,Annual,Contra Costa County,U.S. BEA - Local Data,Per Capita Personal Income - BEA,"$67,056"
2015,Annual,Contra Costa County,U.S. BEA - Local Data,Total Personal Income - BEA,"$75,811,060"
2014,Annual,Contra Costa County,U.S. BEA - Local Data,Per Capita Personal Income - BEA,"$39,313"
2014,Annual,Contra Costa County,U.S. BEA - Local Data,Total Personal Income - BEA,"$109,573"
2022,Annual,Del Norte County,U.S. BEA - Local Data,Per Capita Personal Income - BEA,"$43,677"
2022,Annual,Del Norte County,U.S. BEA - Local Data,Total Personal Income - BEA,"$1,182,855"
2021,Annual,Del Norte County,U.S. BEA - Local Data,Per Capita Personal Income - BEA,"$44,708"
2021,Annual,Del Norte County,U.S. BEA - Local Data,Total Personal Income - BEA,"$1,231,849"
2020,Annual,Del Norte County,U.S. BEA - Local Data,Per Capita Personal Income - BEA,"$41,477"
2020,Annual,Del Norte County,U.S. BEA - Local Data,Total Personal Income - BEA,"$1,144,798"
2019,Annual,Del Norte County,U.S. BEA - Local Data,Per Capita Personal Income - BEA,"$36,566"
2019,Annual,Del Norte County,U.S. BEA - Local Data,Total Personal Income - BEA,"$1,011,557"
2018,Annual,Del Norte County,U.S. BEA - Local Data,Per Capita Personal Income - BEA,"$35,090"
2018,Annual,Del Norte County,U.S. BEA - Local Data,Total Personal Income - BEA,"$967,786"
2017,Annual,Del Norte County,U.S. BEA - Local Data,Per Capita Personal Income - BEA,"$34,350"
2017,Annual,Del Norte County,U.S. BEA - Local Data,Total Personal Income - BEA,"$934,261"
2016,Annual,Del Norte County,U.S. BEA - Local Data,Per Capita Personal Income - BEA,"$34,105"
2016,Annual,Del Norte County,U.S. BEA - Local Data,Total Personal Income - BEA,"$929,522"
2015,Annual,Del Norte County,U.S. BEA - Local Data,Per Capita Personal Income - BEA,"$33,072"
2015,Annual,Del Norte County,U.S. BEA - Local Data,Total Personal Income - BEA,"$895,103"
2014,Annual,Del Norte County,U.S. BEA - Local Data,Per Capita Personal Income - BEA,"$19,560"
2014,Annual,Del Norte County,U.S. BEA - Local Data,Total Personal Income - BEA,"$54,641"
2022,Annual,El Dorado County,U.S. BEA - Local Data,Per Capita Personal Income - BEA,"$82,062"
2022,Annual,El Dorado County,U.S. BEA - Local Data,Total Personal Income - BEA,"$15,808,893"
2021,Annual,El Dorado County,U.S. BEA - Local Data,Per Capita Personal Income - BEA,"$79,736"
2021,Annual,El Dorado County,U.S. BEA - Local Data,Total Personal Income - BEA,"$15,436,024"
2020,Annual,El Dorado County,U.S. BEA - Local Data,Per Capita Personal Income - BEA,"$74,197"
2020,Annual,El Dorado County,U.S. BEA - Local Data,Total Personal Income - BEA,"$14,187,909"
2019,Annual,El Dorado County,U.S. BEA - Local Data,Per Capita Personal Income - BEA,"$68,992"
2019,Annual,El Dorado County,U.S. BEA - Local Data,Total Personal Income - BEA,"$13,203,465"
2018,Annual,El Dorado County,U.S. BEA - Local Data,Per Capita Personal Income - BEA,"$66,033"
2018,Annual,El Dorado County,U.S. BEA - Local Data,Total Personal Income - BEA,"$12,509,360"
2017,Annual,El Dorado County,U.S. BEA - Local Data,Per Capita Personal Income - BEA,"$63,328"
2017,Annual,El Dorado County,U.S. BEA - Local Data,Total Personal Income - BEA,"$11,874,184"
2016,Annual,El Dorado County,U.S. BEA - Local Data,Per Capita Personal Income - BEA,"$62,076"
2016,Annual,El Dorado County,U.S. BEA - Local Data,Total Personal Income - BEA,"$11,479,612"
2015,Annual,El Dorado County,U.S. BEA - Local Data,Per Capita Personal Income - BEA,"$58,818"
2015,Annual,El Dorado County,U.S. BEA - Local Data,Total Personal Income - BEA,"$10,805,487"
2014,Annual,El Dorado County,U.S. BEA - Local Data,Per Capita Personal Income - BEA,"$35,588"
2014,Annual,El Dorado County,U.S. BEA - Local Data,Total Personal Income - BEA,"$93,356"
2022,Annual,Fresno County,U.S. BEA - Local Data,Per Capita Personal Income - BEA,"$50,549"
2022,Annual,Fresno County,U.S. BEA - Local Data,Total Personal Income - BEA,"$51,316,407"
2021,Annual,Fresno County,U.S. BEA - Local Data,Per Capita Personal Income - BEA,"$51,692"
2021,Annual,Fresno County,U.S. BEA - Local Data,Total Personal Income - BEA,"$52,363,942"
2020,Annual,Fresno County,U.S. BEA - Local Data,Per Capita Personal Income - BEA,"$48,095"
2020,Annual,Fresno County,U.S. BEA - Local Data,Total Personal Income - BEA,"$48,552,515"
2019,Annual,Fresno County,U.S. BEA - Local Data,Per Capita Personal Income - BEA,"$42,622"
2019,Annual,Fresno County,U.S. BEA - Local Data,Total Personal Income - BEA,"$42,828,739"
2018,Annual,Fresno County,U.S. BEA - Local Data,Per Capita Personal Income - BEA,"$40,606"
2018,Annual,Fresno County,U.S. BEA - Local Data,Total Personal Income - BEA,"$40,504,743"
2017,Annual,Fresno County,U.S. BEA - Local Data,Per Capita Personal Income - BEA,"$39,600"
2017,Annual,Fresno County,U.S. BEA - Local Data,Total Personal Income - BEA,"$39,208,890"
2016,Annual,Fresno County,U.S. BEA - Local Data,Per Capita Personal Income - BEA,"$39,072"
2016,Annual,Fresno County,U.S. BEA - Local Data,Total Personal Income - BEA,"$38,323,050"
2015,Annual,Fresno County,U.S. BEA - Local Data,Per Capita Personal Income - BEA,"$38,296"
2015,Annual,Fresno County,U.S. BEA - Local Data,Total Personal Income - BEA,"$37,251,040"
2014,Annual,Fresno County,U.S. BEA - Local Data,Per Capita Personal Income - BEA,"$20,408"
2014,Annual,Fresno County,U.S. BEA - Local Data,Total Personal Income - BEA,"$63,314"
2022,Annual,Glenn County,U.S. BEA - Local Data,Per Capita Personal Income - BEA,"$51,055"
2022,Annual,Glenn County,U.S. BEA - Local Data,Total Personal Income - BEA,"$1,446,856"
2021,Annual,Glenn County,U.S. BEA - Local Data,Per Capita Personal Income - BEA,"$52,251"
2021,Annual,Glenn County,U.S. BEA - Local Data,Total Personal Income - BEA,"$1,497,724"
2020,Annual,Glenn County,U.S. BEA - Local Data,Per Capita Personal Income - BEA,"$49,494"
2020,Annual,Glenn County,U.S. BEA - Local Data,Total Personal Income - BEA,"$1,430,189"
2019,Annual,Glenn County,U.S. BEA - Local Data,Per Capita Personal Income - BEA,"$43,128"
2019,Annual,Glenn County,U.S. BEA - Local Data,Total Personal Income - BEA,"$1,250,310"
2018,Annual,Glenn County,U.S. BEA - Local Data,Per Capita Personal Income - BEA,"$42,536"
2018,Annual,Glenn County,U.S. BEA - Local Data,Total Personal Income - BEA,"$1,206,997"
2017,Annual,Glenn County,U.S. BEA - Local Data,Per Capita Personal Income - BEA,"$40,428"
2017,Annual,Glenn County,U.S. BEA - Local Data,Total Personal Income - BEA,"$1,143,898"
2016,Annual,Glenn County,U.S. BEA - Local Data,Per Capita Personal Income - BEA,"$40,126"
2016,Annual,Glenn County,U.S. BEA - Local Data,Total Personal Income - BEA,"$1,129,760"
2015,Annual,Glenn County,U.S. BEA - Local Data,Per Capita Personal Income - BEA,"$38,924"
2015,Annual,Glenn County,U.S. BEA - Local Data,Total Personal Income - BEA,"$1,090,813"
2014,Annual,Glenn County,U.S. BEA - Local Data,Per Capita Personal Income - BEA,"$21,313"
2014,Annual,Glenn County,U.S. BEA - Local Data,Total Personal Income - BEA,"$59,845"
2022,Annual,Humboldt County,U.S. BEA - Local Data,Per Capita Personal Income - BEA,"$54,043"
2022,Annual,Humboldt County,U.S. BEA - Local Data,Total Personal Income - BEA,"$7,296,395"
2021,Annual,Humboldt County,U.S. BEA - Local Data,Per Capita Personal Income - BEA,"$54,214"
2021,Annual,Humboldt County,U.S. BEA - Local Data,Total Personal Income - BEA,"$7,310,048"
2020,Annual,Humboldt County,U.S. BEA - Local Data,Per Capita Personal Income - BEA,"$50,271"
2020,Annual,Humboldt County,U.S. BEA - Local Data,Total Personal Income - BEA,"$6,850,029"
2019,Annual,Humboldt County,U.S. BEA - Local Data,Per Capita Personal Income - BEA,"$45,844"
2019,Annual,Humboldt County,U.S. BEA - Local Data,Total Personal Income - BEA,"$6,283,125"
2018,Annual,Humboldt County,U.S. BEA - Local Data,Per Capita Personal Income - BEA,"$43,823"
2018,Annual,Humboldt County,U.S. BEA - Local Data,Total Personal Income - BEA,"$6,029,582"
2017,Annual,Humboldt County,U.S. BEA - Local Data,Per Capita Personal Income - BEA,"$42,818"
2017,Annual,Humboldt County,U.S. BEA - Local Data,Total Personal Income - BEA,"$5,894,662"
2016,Annual,Humboldt County,U.S. BEA - Local Data,Per Capita Personal Income - BEA,"$41,584"
2016,Annual,Humboldt County,U.S. BEA - Local Data,Total Personal Income - BEA,"$5,709,430"
2015,Annual,Humboldt County,U.S. BEA - Local Data,Per Capita Personal Income - BEA,"$40,594"
2015,Annual,Humboldt County,U.S. BEA - Local Data,Total Personal Income - BEA,"$5,515,128"
2014,Annual,Humboldt County,U.S. BEA - Local Data,Per Capita Personal Income - BEA,"$23,367"
2014,Annual,Humboldt County,U.S. BEA - Local Data,Total Personal Income - BEA,"$56,440"
2022,Annual,Imperial County,U.S. BEA - Local Data,Per Capita Personal Income - BEA,"$45,188"
2022,Annual,Imperial County,U.S. BEA - Local Data,Total Personal Income - BEA,"$8,075,656"
2021,Annual,Imperial County,U.S. BEA - Local Data,Total Personal Income - BEA,"$8,643,247"
2021,Annual,Imperial County,U.S. BEA - Local Data,Per Capita Personal Income - BEA,"$48,228"
2020,Annual,Imperial County,U.S. BEA - Local Data,Per Capita Personal Income - BEA,"$45,565"
2020,Annual,Imperial County,U.S. BEA - Local Data,Total Personal Income - BEA,"$8,183,274"
2019,Annual,Imperial County,U.S. BEA - Local Data,Per Capita Personal Income - BEA,"$37,511"
2019,Annual,Imperial County,U.S. BEA - Local Data,Total Personal Income - BEA,"$6,740,447"
2018,Annual,Imperial County,U.S. BEA - Local Data,Total Personal Income - BEA,"$6,353,010"
2018,Annual,Imperial County,U.S. BEA - Local Data,Per Capita Personal Income - BEA,"$35,217"
2017,Annual,Imperial County,U.S. BEA - Local Data,Per Capita Personal Income - BEA,"$35,585"
2017,Annual,Imperial County,U.S. BEA - Local Data,Total Personal Income - BEA,"$6,428,926"
2016,Annual,Imperial County,U.S. BEA - Local Data,Per Capita Personal Income - BEA,"$35,252"
2016,Annual,Imperial County,U.S. BEA - Local Data,Total Personal Income - BEA,"$6,323,414"
2015,Annual,Imperial County,U.S. BEA - Local Data,Total Personal Income - BEA,"$6,439,648"
2015,Annual,Imperial County,U.S. BEA - Local Data,Per Capita Personal Income - BEA,"$36,121"
2014,Annual,Imperial County,U.S. BEA - Local Data,Per Capita Personal Income - BEA,"$16,143"
2014,Annual,Imperial County,U.S. BEA - Local Data,Total Personal Income - BEA,"$56,603"
2022,Annual,Inyo County,U.S. BEA - Local Data,Per Capita Personal Income - BEA,"$61,501"
2022,Annual,Inyo County,U.S. BEA - Local Data,Total Personal Income - BEA,"$1,151,182"
2021,Annual,Inyo County,U.S. BEA - Local Data,Per Capita Personal Income - BEA,"$60,944"
2021,Annual,Inyo County,U.S. BEA - Local Data,Total Personal Income - BEA,"$1,153,492"
2020,Annual,Inyo County,U.S. BEA - Local Data,Per Capita Personal Income - BEA,"$59,712"
2020,Annual,Inyo County,U.S. BEA - Local Data,Total Personal Income - BEA,"$1,134,595"
2019,Annual,Inyo County,U.S. BEA - Local Data,Per Capita Personal Income - BEA,"$57,741"
2019,Annual,Inyo County,U.S. BEA - Local Data,Total Personal Income - BEA,"$1,089,334"
2018,Annual,Inyo County,U.S. BEA - Local Data,Per Capita Personal Income - BEA,"$54,870"
2018,Annual,Inyo County,U.S. BEA - Local Data,Total Personal Income - BEA,"$1,024,203"
2017,Annual,Inyo County,U.S. BEA - Local Data,Per Capita Personal Income - BEA,"$56,308"
2017,Annual,Inyo County,U.S. BEA - Local Data,Total Personal Income - BEA,"$1,041,240"
2016,Annual,Inyo County,U.S. BEA - Local Data,Per Capita Personal Income - BEA,"$54,731"
2016,Annual,Inyo County,U.S. BEA - Local Data,Total Personal Income - BEA,"$1,011,375"
2015,Annual,Inyo County,U.S. BEA - Local Data,Per Capita Personal Income - BEA,"$50,961"
2015,Annual,Inyo County,U.S. BEA - Local Data,Total Personal Income - BEA,"$947,306"
2014,Annual,Inyo County,U.S. BEA - Local Data,Per Capita Personal Income - BEA,"$27,850"
2014,Annual,Inyo County,U.S. BEA - Local Data,Total Personal Income - BEA,"$61,925"
2022,Annual,Kern County,U.S. BEA - Local Data,Per Capita Personal Income - BEA,"$44,862"
2022,Annual,Kern County,U.S. BEA - Local Data,Total Personal Income - BEA,"$41,098,858"
2021,Annual,Kern County,U.S. BEA - Local Data,Per Capita Personal Income - BEA,"$46,651"
2021,Annual,Kern County,U.S. BEA - Local Data,Total Personal Income - BEA,"$42,561,996"
2020,Annual,Kern County,U.S. BEA - Local Data,Per Capita Personal Income - BEA,"$44,490"
2020,Annual,Kern County,U.S. BEA - Local Data,Total Personal Income - BEA,"$40,300,516"
2019,Annual,Kern County,U.S. BEA - Local Data,Per Capita Personal Income - BEA,"$39,271"
2019,Annual,Kern County,U.S. BEA - Local Data,Total Personal Income - BEA,"$35,596,941"
2018,Annual,Kern County,U.S. BEA - Local Data,Per Capita Personal Income - BEA,"$37,557"
2018,Annual,Kern County,U.S. BEA - Local Data,Total Personal Income - BEA,"$33,813,117"
2017,Annual,Kern County,U.S. BEA - Local Data,Per Capita Personal Income - BEA,"$36,574"
2017,Annual,Kern County,U.S. BEA - Local Data,Total Personal Income - BEA,"$32,666,174"
2016,Annual,Kern County,U.S. BEA - Local Data,Per Capita Personal Income - BEA,"$36,168"
2016,Annual,Kern County,U.S. BEA - Local Data,Total Personal Income - BEA,"$32,048,150"
2015,Annual,Kern County,U.S. BEA - Local Data,Per Capita Personal Income - BEA,"$36,532"
2015,Annual,Kern County,U.S. BEA - Local Data,Total Personal Income - BEA,"$32,173,940"
2014,Annual,Kern County,U.S. BEA - Local Data,Per Capita Personal Income - BEA,"$20,644"
2014,Annual,Kern County,U.S. BEA - Local Data,Total Personal Income - BEA,"$65,917"
2022,Annual,Kings County,U.S. BEA - Local Data,Per Capita Personal Income - BEA,"$42,525"
2022,Annual,Kings County,U.S. BEA - Local Data,Total Personal Income - BEA,"$6,505,590"
2021,Annual,Kings County,U.S. BEA - Local Data,Per Capita Personal Income - BEA,"$43,818"
2021,Annual,Kings County,U.S. BEA - Local Data,Total Personal Income - BEA,"$6,690,054"
2020,Annual,Kings County,U.S. BEA - Local Data,Per Capita Personal Income - BEA,"$41,185"
2020,Annual,Kings County,U.S. BEA - Local Data,Total Personal Income - BEA,"$6,292,586"
2019,Annual,Kings County,U.S. BEA - Local Data,Per Capita Personal Income - BEA,"$36,350"
2019,Annual,Kings County,U.S. BEA - Local Data,Total Personal Income - BEA,"$5,548,160"
2018,Annual,Kings County,U.S. BEA - Local Data,Per Capita Personal Income - BEA,"$35,042"
2018,Annual,Kings County,U.S. BEA - Local Data,Total Personal Income - BEA,"$5,296,250"
2017,Annual,Kings County,U.S. BEA - Local Data,Per Capita Personal Income - BEA,"$35,395"
2017,Annual,Kings County,U.S. BEA - Local Data,Total Personal Income - BEA,"$5,290,349"
2016,Annual,Kings County,U.S. BEA - Local Data,Per Capita Personal Income - BEA,"$34,161"
2016,Annual,Kings County,U.S. BEA - Local Data,Total Personal Income - BEA,"$5,097,044"
2015,Annual,Kings County,U.S. BEA - Local Data,Per Capita Personal Income - BEA,"$32,733"
2015,Annual,Kings County,U.S. BEA - Local Data,Total Personal Income - BEA,"$4,906,911"
2014,Annual,Kings County,U.S. BEA - Local Data,Per Capita Personal Income - BEA,"$18,707"
2014,Annual,Kings County,U.S. BEA - Local Data,Total Personal Income - BEA,"$63,232"
2022,Annual,Lake County,U.S. BEA - Local Data,Per Capita Personal Income - BEA,"$45,623"
2022,Annual,Lake County,U.S. BEA - Local Data,Total Personal Income - BEA,"$3,111,067"
2021,Annual,Lake County,U.S. BEA - Local Data,Per Capita Personal Income - BEA,"$46,852"
2021,Annual,Lake County,U.S. BEA - Local Data,Total Personal Income - BEA,"$3,213,324"
2020,Annual,Lake County,U.S. BEA - Local Data,Per Capita Personal Income - BEA,"$44,016"
2020,Annual,Lake County,U.S. BEA - Local Data,Total Personal Income - BEA,"$3,001,704"
2019,Annual,Lake County,U.S. BEA - Local Data,Per Capita Personal Income - BEA,"$40,226"
2019,Annual,Lake County,U.S. BEA - Local Data,Total Personal Income - BEA,"$2,726,156"
2018,Annual,Lake County,U.S. BEA - Local Data,Per Capita Personal Income - BEA,"$38,998"
2018,Annual,Lake County,U.S. BEA - Local Data,Total Personal Income - BEA,"$2,625,869"
2017,Annual,Lake County,U.S. BEA - Local Data,Per Capita Personal Income - BEA,"$38,201"
2017,Annual,Lake County,U.S. BEA - Local Data,Total Personal Income - BEA,"$2,547,917"
2016,Annual,Lake County,U.S. BEA - Local Data,Per Capita Personal Income - BEA,"$36,651"
2016,Annual,Lake County,U.S. BEA - Local Data,Total Personal Income - BEA,"$2,422,965"
2015,Annual,Lake County,U.S. BEA - Local Data,Per Capita Personal Income - BEA,"$35,796"
2015,Annual,Lake County,U.S. BEA - Local Data,Total Personal Income - BEA,"$2,366,677"
2014,Annual,Lake County,U.S. BEA - Local Data,Per Capita Personal Income - BEA,"$21,407"
2014,Annual,Lake County,U.S. BEA - Local Data,Total Personal Income - BEA,"$50,453"
2022,Annual,Lassen County,U.S. BEA - Local Data,Per Capita Personal Income - BEA,"$40,700"
2022,Annual,Lassen County,U.S. BEA - Local Data,Total Personal Income - BEA,"$1,217,102"
2021,Annual,Lassen County,U.S. BEA - Local Data,Per Capita Personal Income - BEA,"$41,151"
2021,Annual,Lassen County,U.S. BEA - Local Data,Total Personal Income - BEA,"$1,309,137"
2020,Annual,Lassen County,U.S. BEA - Local Data,Per Capita Personal Income - BEA,"$38,061"
2020,Annual,Lassen County,U.S. BEA - Local Data,Total Personal Income - BEA,"$1,230,010"
2019,Annual,Lassen County,U.S. BEA - Local Data,Per Capita Personal Income - BEA,"$32,755"
2019,Annual,Lassen County,U.S. BEA - Local Data,Total Personal Income - BEA,"$1,086,453"
2018,Annual,Lassen County,U.S. BEA - Local Data,Per Capita Personal Income - BEA,"$32,629"
2018,Annual,Lassen County,U.S. BEA - Local Data,Total Personal Income - BEA,"$1,072,008"
2017,Annual,Lassen County,U.S. BEA - Local Data,Per Capita Personal Income - BEA,"$32,154"
2017,Annual,Lassen County,U.S. BEA - Local Data,Total Personal Income - BEA,"$1,056,481"
2016,Annual,Lassen County,U.S. BEA - Local Data,Per Capita Personal Income - BEA,"$32,336"
2016,Annual,Lassen County,U.S. BEA - Local Data,Total Personal Income - BEA,"$1,046,637"
2015,Annual,Lassen County,U.S. BEA - Local Data,Per Capita Personal Income - BEA,"$31,092"
2015,Annual,Lassen County,U.S. BEA - Local Data,Total Personal Income - BEA,"$1,015,521"
2014,Annual,Lassen County,U.S. BEA - Local Data,Per Capita Personal Income - BEA,"$19,274"
2014,Annual,Lassen County,U.S. BEA - Local Data,Total Personal Income - BEA,"$63,361"
2022,Annual,Los Angeles County,U.S. BEA - Local Data,Per Capita Personal Income - BEA,"$74,142"
2022,Annual,Los Angeles County,U.S. BEA - Local Data,Total Personal Income - BEA,"$720,740,528"
2021,Annual,Los Angeles County,U.S. BEA - Local Data,Per Capita Personal Income - BEA,"$73,385"
2021,Annual,Los Angeles County,U.S. BEA - Local Data,Total Personal Income - BEA,"$720,046,822"
2020,Annual,Los Angeles County,U.S. BEA - Local Data,Per Capita Personal Income - BEA,"$67,383"
2020,Annual,Los Angeles County,U.S. BEA - Local Data,Total Personal Income - BEA,"$673,306,158"
2019,Annual,Los Angeles County,U.S. BEA - Local Data,Per Capita Personal Income - BEA,"$62,573"
2019,Annual,Los Angeles County,U.S. BEA - Local Data,Total Personal Income - BEA,"$628,932,215"
2018,Annual,Los Angeles County,U.S. BEA - Local Data,Per Capita Personal Income - BEA,"$59,004"
2018,Annual,Los Angeles County,U.S. BEA - Local Data,Total Personal Income - BEA,"$595,765,931"
2017,Annual,Los Angeles County,U.S. BEA - Local Data,Per Capita Personal Income - BEA,"$56,635"
2017,Annual,Los Angeles County,U.S. BEA - Local Data,Total Personal Income - BEA,"$573,348,398"
2016,Annual,Los Angeles County,U.S. BEA - Local Data,Per Capita Personal Income - BEA,"$54,750"
2016,Annual,Los Angeles County,U.S. BEA - Local Data,Total Personal Income - BEA,"$554,158,129"
2015,Annual,Los Angeles County,U.S. BEA - Local Data,Per Capita Personal Income - BEA,"$53,067"
2015,Annual,Los Angeles County,U.S. BEA - Local Data,Total Personal Income - BEA,"$535,960,148"
2014,Annual,Los Angeles County,U.S. BEA - Local Data,Per Capita Personal Income - BEA,"$28,337"
2014,Annual,Los Angeles County,U.S. BEA - Local Data,Total Personal Income - BEA,"$82,941"
2022,Annual,Madera County,U.S. BEA - Local Data,Per Capita Personal Income - BEA,"$46,406"
2022,Annual,Madera County,U.S. BEA - Local Data,Total Personal Income - BEA,"$7,436,909"
2021,Annual,Madera County,U.S. BEA - Local Data,Per Capita Personal Income - BEA,"$47,533"
2021,Annual,Madera County,U.S. BEA - Local Data,Total Personal Income - BEA,"$7,553,475"
2020,Annual,Madera County,U.S. BEA - Local Data,Per Capita Personal Income - BEA,"$44,394"
2020,Annual,Madera County,U.S. BEA - Local Data,Total Personal Income - BEA,"$6,940,713"
2019,Annual,Madera County,U.S. BEA - Local Data,Per Capita Personal Income - BEA,"$39,040"
2019,Annual,Madera County,U.S. BEA - Local Data,Total Personal Income - BEA,"$6,076,859"
2018,Annual,Madera County,U.S. BEA - Local Data,Per Capita Personal Income - BEA,"$37,414"
2018,Annual,Madera County,U.S. BEA - Local Data,Total Personal Income - BEA,"$5,815,299"
2017,Annual,Madera County,U.S. BEA - Local Data,Per Capita Personal Income - BEA,"$36,871"
2017,Annual,Madera County,U.S. BEA - Local Data,Total Personal Income - BEA,"$5,687,523"
2016,Annual,Madera County,U.S. BEA - Local Data,Per Capita Personal Income - BEA,"$35,931"
2016,Annual,Madera County,U.S. BEA - Local Data,Total Personal Income - BEA,"$5,497,117"
2015,Annual,Madera County,U.S. BEA - Local Data,Per Capita Personal Income - BEA,"$34,323"
2015,Annual,Madera County,U.S. BEA - Local Data,Total Personal Income - BEA,"$5,246,433"
2014,Annual,Madera County,U.S. BEA - Local Data,Per Capita Personal Income - BEA,"$17,970"
2014,Annual,Madera County,U.S. BEA - Local Data,Total Personal Income - BEA,"$59,598"
2022,Annual,Marin County,U.S. BEA - Local Data,Per Capita Personal Income - BEA,"$171,177"
2022,Annual,Marin County,U.S. BEA - Local Data,Total Personal Income - BEA,"$43,824,350"
2021,Annual,Marin County,U.S. BEA - Local Data,Per Capita Personal Income - BEA,"$165,673"
2021,Annual,Marin County,U.S. BEA - Local Data,Total Personal Income - BEA,"$42,936,183"
2020,Annual,Marin County,U.S. BEA - Local Data,Per Capita Personal Income - BEA,"$144,658"
2020,Annual,Marin County,U.S. BEA - Local Data,Total Personal Income - BEA,"$37,796,487"
2019,Annual,Marin County,U.S. BEA - Local Data,Per Capita Personal Income - BEA,"$136,460"
2019,Annual,Marin County,U.S. BEA - Local Data,Total Personal Income - BEA,"$35,896,884"
2018,Annual,Marin County,U.S. BEA - Local Data,Per Capita Personal Income - BEA,"$128,091"
2018,Annual,Marin County,U.S. BEA - Local Data,Total Personal Income - BEA,"$33,770,671"
2017,Annual,Marin County,U.S. BEA - Local Data,Per Capita Personal Income - BEA,"$119,063"
2017,Annual,Marin County,U.S. BEA - Local Data,Total Personal Income - BEA,"$31,324,429"
2016,Annual,Marin County,U.S. BEA - Local Data,Per Capita Personal Income - BEA,"$113,226"
2016,Annual,Marin County,U.S. BEA - Local Data,Total Personal Income - BEA,"$29,825,203"
2015,Annual,Marin County,U.S. BEA - Local Data,Per Capita Personal Income - BEA,"$109,274"
2015,Annual,Marin County,U.S. BEA - Local Data,Total Personal Income - BEA,"$28,764,641"
2014,Annual,Marin County,U.S. BEA - Local Data,Per Capita Personal Income - BEA,"$60,236"
2014,Annual,Marin County,U.S. BEA - Local Data,Total Personal Income - BEA,"$146,444"
2022,Annual,Mariposa County,U.S. BEA - Local Data,Per Capita Personal Income - BEA,"$61,230"
2022,Annual,Mariposa County,U.S. BEA - Local Data,Total Personal Income - BEA,"$1,042,143"
2021,Annual,Mariposa County,U.S. BEA - Local Data,Per Capita Personal Income - BEA,"$60,584"
2021,Annual,Mariposa County,U.S. BEA - Local Data,Total Personal Income - BEA,"$1,036,419"
2020,Annual,Mariposa County,U.S. BEA - Local Data,Per Capita Personal Income - BEA,"$57,215"
2020,Annual,Mariposa County,U.S. BEA - Local Data,Total Personal Income - BEA,"$979,407"
2019,Annual,Mariposa County,U.S. BEA - Local Data,Per Capita Personal Income - BEA,"$53,859"
2019,Annual,Mariposa County,U.S. BEA - Local Data,Total Personal Income - BEA,"$919,965"
2018,Annual,Mariposa County,U.S. BEA - Local Data,Total Personal Income - BEA,"$884,466"
2018,Annual,Mariposa County,U.S. BEA - Local Data,Per Capita Personal Income - BEA,"$51,043"
2017,Annual,Mariposa County,U.S. BEA - Local Data,Per Capita Personal Income - BEA,"$49,097"
2017,Annual,Mariposa County,U.S. BEA - Local Data,Total Personal Income - BEA,"$855,857"
2016,Annual,Mariposa County,U.S. BEA - Local Data,Per Capita Personal Income - BEA,"$46,915"
2016,Annual,Mariposa County,U.S. BEA - Local Data,Total Personal Income - BEA,"$819,746"
2015,Annual,Mariposa County,U.S. BEA - Local Data,Total Personal Income - BEA,"$770,497"
2015,Annual,Mariposa County,U.S. BEA - Local Data,Per Capita Personal Income - BEA,"$43,701"
2014,Annual,Mariposa County,U.S. BEA - Local Data,Per Capita Personal Income - BEA,"$28,316"
2014,Annual,Mariposa County,U.S. BEA - Local Data,Total Personal Income - BEA,"$65,619"
2022,Annual,Mendocino County,U.S. BEA - Local Data,Per Capita Personal Income - BEA,"$57,310"
2022,Annual,Mendocino County,U.S. BEA - Local Data,Total Personal Income - BEA,"$5,145,470"
2021,Annual,Mendocino County,U.S. BEA - Local Data,Per Capita Personal Income - BEA,"$56,701"
2021,Annual,Mendocino County,U.S. BEA - Local Data,Total Personal Income - BEA,"$5,159,935"
2020,Annual,Mendocino County,U.S. BEA - Local Data,Per Capita Personal Income - BEA,"$52,477"
2020,Annual,Mendocino County,U.S. BEA - Local Data,Total Personal Income - BEA,"$4,794,385"
2019,Annual,Mendocino County,U.S. BEA - Local Data,Per Capita Personal Income - BEA,"$47,131"
2019,Annual,Mendocino County,U.S. BEA - Local Data,Total Personal Income - BEA,"$4,322,898"
2018,Annual,Mendocino County,U.S. BEA - Local Data,Per Capita Personal Income - BEA,"$45,250"
2018,Annual,Mendocino County,U.S. BEA - Local Data,Total Personal Income - BEA,"$4,155,689"
2017,Annual,Mendocino County,U.S. BEA - Local Data,Per Capita Personal Income - BEA,"$43,743"
2017,Annual,Mendocino County,U.S. BEA - Local Data,Total Personal Income - BEA,"$4,000,436"
2016,Annual,Mendocino County,U.S. BEA - Local Data,Per Capita Personal Income - BEA,"$42,497"
2016,Annual,Mendocino County,U.S. BEA - Local Data,Total Personal Income - BEA,"$3,847,743"
2015,Annual,Mendocino County,U.S. BEA - Local Data,Per Capita Personal Income - BEA,"$41,701"
2015,Annual,Mendocino County,U.S. BEA - Local Data,Total Personal Income - BEA,"$3,745,679"
2014,Annual,Mendocino County,U.S. BEA - Local Data,Per Capita Personal Income - BEA,"$24,059"
2014,Annual,Mendocino County,U.S. BEA - Local Data,Total Personal Income - BEA,"$59,563"
2022,Annual,Merced County,U.S. BEA - Local Data,Per Capita Personal Income - BEA,"$46,188"
2022,Annual,Merced County,U.S. BEA - Local Data,Total Personal Income - BEA,"$13,395,227"
2021,Annual,Merced County,U.S. BEA - Local Data,Per Capita Personal Income - BEA,"$47,574"
2021,Annual,Merced County,U.S. BEA - Local Data,Total Personal Income - BEA,"$13,532,782"
2020,Annual,Merced County,U.S. BEA - Local Data,Per Capita Personal Income - BEA,"$44,163"
2020,Annual,Merced County,U.S. BEA - Local Data,Total Personal Income - BEA,"$12,445,651"
2019,Annual,Merced County,U.S. BEA - Local Data,Per Capita Personal Income - BEA,"$38,355"
2019,Annual,Merced County,U.S. BEA - Local Data,Total Personal Income - BEA,"$10,711,229"
2018,Annual,Merced County,U.S. BEA - Local Data,Per Capita Personal Income - BEA,"$36,820"
2018,Annual,Merced County,U.S. BEA - Local Data,Total Personal Income - BEA,"$10,148,451"
2017,Annual,Merced County,U.S. BEA - Local Data,Per Capita Personal Income - BEA,"$36,405"
2017,Annual,Merced County,U.S. BEA - Local Data,Total Personal Income - BEA,"$9,919,653"
2016,Annual,Merced County,U.S. BEA - Local Data,Per Capita Personal Income - BEA,"$35,626"
2016,Annual,Merced County,U.S. BEA - Local Data,Total Personal Income - BEA,"$9,575,058"
2015,Annual,Merced County,U.S. BEA - Local Data,Per Capita Personal Income - BEA,"$35,167"
2015,Annual,Merced County,U.S. BEA - Local Data,Total Personal Income - BEA,"$9,400,054"
2014,Annual,Merced County,U.S. BEA - Local Data,Per Capita Personal Income - BEA,"$18,204"
2014,Annual,Merced County,U.S. BEA - Local Data,Total Personal Income - BEA,"$58,398"
2022,Annual,Modoc County,U.S. BEA - Local Data,Per Capita Personal Income - BEA,"$56,559"
2022,Annual,Modoc County,U.S. BEA - Local Data,Total Personal Income - BEA,"$481,376"
2021,Annual,Modoc County,U.S. BEA - Local Data,Per Capita Personal Income - BEA,"$55,646"
2021,Annual,Modoc County,U.S. BEA - Local Data,Total Personal Income - BEA,"$476,942"
2020,Annual,Modoc County,U.S. BEA - Local Data,Per Capita Personal Income - BEA,"$53,072"
2020,Annual,Modoc County,U.S. BEA - Local Data,Total Personal Income - BEA,"$459,764"
2019,Annual,Modoc County,U.S. BEA - Local Data,Per Capita Personal Income - BEA,"$46,410"
2019,Annual,Modoc County,U.S. BEA - Local Data,Total Personal Income - BEA,"$406,924"
2018,Annual,Modoc County,U.S. BEA - Local Data,Per Capita Personal Income - BEA,"$43,751"
2018,Annual,Modoc County,U.S. BEA - Local Data,Total Personal Income - BEA,"$381,904"
2017,Annual,Modoc County,U.S. BEA - Local Data,Per Capita Personal Income - BEA,"$43,305"
2017,Annual,Modoc County,U.S. BEA - Local Data,Total Personal Income - BEA,"$380,517"
2016,Annual,Modoc County,U.S. BEA - Local Data,Per Capita Personal Income - BEA,"$43,145"
2016,Annual,Modoc County,U.S. BEA - Local Data,Total Personal Income - BEA,"$383,518"
2015,Annual,Modoc County,U.S. BEA - Local Data,Per Capita Personal Income - BEA,"$42,461"
2015,Annual,Modoc County,U.S. BEA - Local Data,Total Personal Income - BEA,"$382,445"
2014,Annual,Modoc County,U.S. BEA - Local Data,Per Capita Personal Income - BEA,"$21,001"
2014,Annual,Modoc County,U.S. BEA - Local Data,Total Personal Income - BEA,"$48,845"
2022,Annual,Mono County,U.S. BEA - Local Data,Per Capita Personal Income - BEA,"$65,296"
2022,Annual,Mono County,U.S. BEA - Local Data,Total Personal Income - BEA,"$847,409"
2021,Annual,Mono County,U.S. BEA - Local Data,Per Capita Personal Income - BEA,"$62,909"
2021,Annual,Mono County,U.S. BEA - Local Data,Total Personal Income - BEA,"$834,235"
2020,Annual,Mono County,U.S. BEA - Local Data,Per Capita Personal Income - BEA,"$60,401"
2020,Annual,Mono County,U.S. BEA - Local Data,Total Personal Income - BEA,"$798,867"
2019,Annual,Mono County,U.S. BEA - Local Data,Per Capita Personal Income - BEA,"$54,863"
2019,Annual,Mono County,U.S. BEA - Local Data,Total Personal Income - BEA,"$726,930"
2018,Annual,Mono County,U.S. BEA - Local Data,Per Capita Personal Income - BEA,"$49,783"
2018,Annual,Mono County,U.S. BEA - Local Data,Total Personal Income - BEA,"$663,504"
2017,Annual,Mono County,U.S. BEA - Local Data,Per Capita Personal Income - BEA,"$51,037"
2017,Annual,Mono County,U.S. BEA - Local Data,Total Personal Income - BEA,"$683,435"
2016,Annual,Mono County,U.S. BEA - Local Data,Per Capita Personal Income - BEA,"$45,291"
2016,Annual,Mono County,U.S. BEA - Local Data,Total Personal Income - BEA,"$608,931"
2015,Annual,Mono County,U.S. BEA - Local Data,Per Capita Personal Income - BEA,"$44,056"
2015,Annual,Mono County,U.S. BEA - Local Data,Total Personal Income - BEA,"$590,257"
2014,Annual,Mono County,U.S. BEA - Local Data,Per Capita Personal Income - BEA,"$29,437"
2014,Annual,Mono County,U.S. BEA - Local Data,Total Personal Income - BEA,"$70,947"
2022,Annual,Monterey County,U.S. BEA - Local Data,Per Capita Personal Income - BEA,"$65,123"
2022,Annual,Monterey County,U.S. BEA - Local Data,Total Personal Income - BEA,"$28,189,179"
2021,Annual,Monterey County,U.S. BEA - Local Data,Per Capita Personal Income - BEA,"$64,799"
2021,Annual,Monterey County,U.S. BEA - Local Data,Total Personal Income - BEA,"$28,333,347"
2020,Annual,Monterey County,U.S. BEA - Local Data,Per Capita Personal Income - BEA,"$60,216"
2020,Annual,Monterey County,U.S. BEA - Local Data,Total Personal Income - BEA,"$26,398,134"
2019,Annual,Monterey County,U.S. BEA - Local Data,Per Capita Personal Income - BEA,"$55,483"
2019,Annual,Monterey County,U.S. BEA - Local Data,Total Personal Income - BEA,"$24,421,471"
2018,Annual,Monterey County,U.S. BEA - Local Data,Per Capita Personal Income - BEA,"$52,346"
2018,Annual,Monterey County,U.S. BEA - Local Data,Total Personal Income - BEA,"$23,001,148"
2017,Annual,Monterey County,U.S. BEA - Local Data,Per Capita Personal Income - BEA,"$51,861"
2017,Annual,Monterey County,U.S. BEA - Local Data,Total Personal Income - BEA,"$22,772,964"
2016,Annual,Monterey County,U.S. BEA - Local Data,Per Capita Personal Income - BEA,"$50,839"
2016,Annual,Monterey County,U.S. BEA - Local Data,Total Personal Income - BEA,"$22,267,892"
2015,Annual,Monterey County,U.S. BEA - Local Data,Per Capita Personal Income - BEA,"$49,757"
2015,Annual,Monterey County,U.S. BEA - Local Data,Total Personal Income - BEA,"$21,593,394"
2014,Annual,Monterey County,U.S. BEA - Local Data,Per Capita Personal Income - BEA,"$24,994"
2014,Annual,Monterey County,U.S. BEA - Local Data,Total Personal Income - BEA,"$86,603"
2022,Annual,Napa County,U.S. BEA - Local Data,Per Capita Personal Income - BEA,"$86,863"
2022,Annual,Napa County,U.S. BEA - Local Data,Total Personal Income - BEA,"$11,665,710"
2021,Annual,Napa County,U.S. BEA - Local Data,Total Personal Income - BEA,"$11,907,435"
2021,Annual,Napa County,U.S. BEA - Local Data,Per Capita Personal Income - BEA,"$87,422"
2020,Annual,Napa County,U.S. BEA - Local Data,Per Capita Personal Income - BEA,"$81,905"
2020,Annual,Napa County,U.S. BEA - Local Data,Total Personal Income - BEA,"$11,260,752"
2019,Annual,Napa County,U.S. BEA - Local Data,Per Capita Personal Income - BEA,"$73,195"
2019,Annual,Napa County,U.S. BEA - Local Data,Total Personal Income - BEA,"$10,184,848"
2018,Annual,Napa County,U.S. BEA - Local Data,Total Personal Income - BEA,"$9,657,020"
2018,Annual,Napa County,U.S. BEA - Local Data,Per Capita Personal Income - BEA,"$69,010"
2017,Annual,Napa County,U.S. BEA - Local Data,Per Capita Personal Income - BEA,"$68,063"
2017,Annual,Napa County,U.S. BEA - Local Data,Total Personal Income - BEA,"$9,595,776"
2016,Annual,Napa County,U.S. BEA - Local Data,Per Capita Personal Income - BEA,"$66,405"
2016,Annual,Napa County,U.S. BEA - Local Data,Total Personal Income - BEA,"$9,415,486"
2015,Annual,Napa County,U.S. BEA - Local Data,Total Personal Income - BEA,"$8,890,655"
2015,Annual,Napa County,U.S. BEA - Local Data,Per Capita Personal Income - BEA,"$62,781"
2014,Annual,Napa County,U.S. BEA - Local Data,Per Capita Personal Income - BEA,"$36,975"
2014,Annual,Napa County,U.S. BEA - Local Data,Total Personal Income - BEA,"$99,859"
2022,Annual,Nevada County,U.S. BEA - Local Data,Per Capita Personal Income - BEA,"$72,759"
2022,Annual,Nevada County,U.S. BEA - Local Data,Total Personal Income - BEA,"$7,442,705"
2021,Annual,Nevada County,U.S. BEA - Local Data,Total Personal Income - BEA,"$7,333,293"
2021,Annual,Nevada County,U.S. BEA - Local Data,Per Capita Personal Income - BEA,"$70,883"
2020,Annual,Nevada County,U.S. BEA - Local Data,Per Capita Personal Income - BEA,"$66,471"
2020,Annual,Nevada County,U.S. BEA - Local Data,Total Personal Income - BEA,"$6,796,594"
2019,Annual,Nevada County,U.S. BEA - Local Data,Per Capita Personal Income - BEA,"$60,451"
2019,Annual,Nevada County,U.S. BEA - Local Data,Total Personal Income - BEA,"$6,163,728"
2018,Annual,Nevada County,U.S. BEA - Local Data,Total Personal Income - BEA,"$5,821,249"
2018,Annual,Nevada County,U.S. BEA - Local Data,Per Capita Personal Income - BEA,"$57,335"
2017,Annual,Nevada County,U.S. BEA - Local Data,Per Capita Personal Income - BEA,"$56,004"
2017,Annual,Nevada County,U.S. BEA - Local Data,Total Personal Income - BEA,"$5,669,101"
2016,Annual,Nevada County,U.S. BEA - Local Data,Per Capita Personal Income - BEA,"$55,382"
2016,Annual,Nevada County,U.S. BEA - Local Data,Total Personal Income - BEA,"$5,565,078"
2015,Annual,Nevada County,U.S. BEA - Local Data,Total Personal Income - BEA,"$5,313,879"
2015,Annual,Nevada County,U.S. BEA - Local Data,Per Capita Personal Income - BEA,"$53,134"
2014,Annual,Nevada County,U.S. BEA - Local Data,Per Capita Personal Income - BEA,"$32,442"
2014,Annual,Nevada County,U.S. BEA - Local Data,Total Personal Income - BEA,"$76,041"
2022,Annual,Orange County,U.S. BEA - Local Data,Per Capita Personal Income - BEA,"$83,553"
2022,Annual,Orange County,U.S. BEA - Local Data,Total Personal Income - BEA,"$263,290,135"
2021,Annual,Orange County,U.S. BEA - Local Data,Per Capita Personal Income - BEA,"$81,567"
2021,Annual,Orange County,U.S. BEA - Local Data,Total Personal Income - BEA,"$257,834,298"
2020,Annual,Orange County,U.S. BEA - Local Data,Per Capita Personal Income - BEA,"$75,572"
2020,Annual,Orange County,U.S. BEA - Local Data,Total Personal Income - BEA,"$240,734,263"
2019,Annual,Orange County,U.S. BEA - Local Data,Per Capita Personal Income - BEA,"$69,590"
2019,Annual,Orange County,U.S. BEA - Local Data,Total Personal Income - BEA,"$221,692,307"
2018,Annual,Orange County,U.S. BEA - Local Data,Per Capita Personal Income - BEA,"$66,058"
2018,Annual,Orange County,U.S. BEA - Local Data,Total Personal Income - BEA,"$210,648,610"
2017,Annual,Orange County,U.S. BEA - Local Data,Per Capita Personal Income - BEA,"$63,513"
2017,Annual,Orange County,U.S. BEA - Local Data,Total Personal Income - BEA,"$202,337,241"
2016,Annual,Orange County,U.S. BEA - Local Data,Per Capita Personal Income - BEA,"$61,188"
2016,Annual,Orange County,U.S. BEA - Local Data,Total Personal Income - BEA,"$194,223,700"
2015,Annual,Orange County,U.S. BEA - Local Data,Per Capita Personal Income - BEA,"$59,242"
2015,Annual,Orange County,U.S. BEA - Local Data,Total Personal Income - BEA,"$187,042,532"
2014,Annual,Orange County,U.S. BEA - Local Data,Per Capita Personal Income - BEA,"$34,817"
2014,Annual,Orange County,U.S. BEA - Local Data,Total Personal Income - BEA,"$103,752"
2022,Annual,Placer County,U.S. BEA - Local Data,Per Capita Personal Income - BEA,"$81,791"
2022,Annual,Placer County,U.S. BEA - Local Data,Total Personal Income - BEA,"$34,170,169"
2021,Annual,Placer County,U.S. BEA - Local Data,Per Capita Personal Income - BEA,"$79,711"
2021,Annual,Placer County,U.S. BEA - Local Data,Total Personal Income - BEA,"$32,903,884"
2020,Annual,Placer County,U.S. BEA - Local Data,Per Capita Personal Income - BEA,"$74,046"
2020,Annual,Placer County,U.S. BEA - Local Data,Total Personal Income - BEA,"$30,054,657"
2019,Annual,Placer County,U.S. BEA - Local Data,Per Capita Personal Income - BEA,"$67,647"
2019,Annual,Placer County,U.S. BEA - Local Data,Total Personal Income - BEA,"$27,147,695"
2018,Annual,Placer County,U.S. BEA - Local Data,Per Capita Personal Income - BEA,"$64,803"
2018,Annual,Placer County,U.S. BEA - Local Data,Total Personal Income - BEA,"$25,586,686"
2017,Annual,Placer County,U.S. BEA - Local Data,Per Capita Personal Income - BEA,"$62,803"
2017,Annual,Placer County,U.S. BEA - Local Data,Total Personal Income - BEA,"$24,314,724"
2016,Annual,Placer County,U.S. BEA - Local Data,Per Capita Personal Income - BEA,"$60,591"
2016,Annual,Placer County,U.S. BEA - Local Data,Total Personal Income - BEA,"$23,059,644"
2015,Annual,Placer County,U.S. BEA - Local Data,Per Capita Personal Income - BEA,"$58,519"
2015,Annual,Placer County,U.S. BEA - Local Data,Total Personal Income - BEA,"$21,893,973"
2014,Annual,Placer County,U.S. BEA - Local Data,Per Capita Personal Income - BEA,"$36,022"
2014,Annual,Placer County,U.S. BEA - Local Data,Total Personal Income - BEA,"$66,613"
2022,Annual,Plumas County,U.S. BEA - Local Data,Per Capita Personal Income - BEA,"$59,387"
2022,Annual,Plumas County,U.S. BEA - Local Data,Total Personal Income - BEA,"$1,149,201"
2021,Annual,Plumas County,U.S. BEA - Local Data,Per Capita Personal Income - BEA,"$58,692"
2021,Annual,Plumas County,U.S. BEA - Local Data,Total Personal Income - BEA,"$1,170,312"
2020,Annual,Plumas County,U.S. BEA - Local Data,Per Capita Personal Income - BEA,"$54,643"
2020,Annual,Plumas County,U.S. BEA - Local Data,Total Personal Income - BEA,"$1,079,139"
2019,Annual,Plumas County,U.S. BEA - Local Data,Per Capita Personal Income - BEA,"$49,448"
2019,Annual,Plumas County,U.S. BEA - Local Data,Total Personal Income - BEA,"$977,680"
2018,Annual,Plumas County,U.S. BEA - Local Data,Per Capita Personal Income - BEA,"$47,601"
2018,Annual,Plumas County,U.S. BEA - Local Data,Total Personal Income - BEA,"$926,506"
2017,Annual,Plumas County,U.S. BEA - Local Data,Per Capita Personal Income - BEA,"$45,975"
2017,Annual,Plumas County,U.S. BEA - Local Data,Total Personal Income - BEA,"$884,140"
2016,Annual,Plumas County,U.S. BEA - Local Data,Per Capita Personal Income - BEA,"$44,612"
2016,Annual,Plumas County,U.S. BEA - Local Data,Total Personal Income - BEA,"$855,026"
2015,Annual,Plumas County,U.S. BEA - Local Data,Per Capita Personal Income - BEA,"$44,091"
2015,Annual,Plumas County,U.S. BEA - Local Data,Total Personal Income - BEA,"$830,092"
2014,Annual,Plumas County,U.S. BEA - Local Data,Per Capita Personal Income - BEA,"$30,842"
2014,Annual,Plumas County,U.S. BEA - Local Data,Total Personal Income - BEA,"$78,752"
2022,Annual,Riverside County,U.S. BEA - Local Data,Per Capita Personal Income - BEA,"$51,415"
2022,Annual,Riverside County,U.S. BEA - Local Data,Total Personal Income - BEA,"$127,195,983"
2021,Annual,Riverside County,U.S. BEA - Local Data,Per Capita Personal Income - BEA,"$51,468"
2021,Annual,Riverside County,U.S. BEA - Local Data,Total Personal Income - BEA,"$126,261,006"
2020,Annual,Riverside County,U.S. BEA - Local Data,Per Capita Personal Income - BEA,"$48,265"
2020,Annual,Riverside County,U.S. BEA - Local Data,Total Personal Income - BEA,"$116,939,915"
2019,Annual,Riverside County,U.S. BEA - Local Data,Per Capita Personal Income - BEA,"$43,073"
2019,Annual,Riverside County,U.S. BEA - Local Data,Total Personal Income - BEA,"$103,614,307"
2018,Annual,Riverside County,U.S. BEA - Local Data,Per Capita Personal Income - BEA,"$40,582"
2018,Annual,Riverside County,U.S. BEA - Local Data,Total Personal Income - BEA,"$96,994,918"
2017,Annual,Riverside County,U.S. BEA - Local Data,Per Capita Personal Income - BEA,"$39,060"
2017,Annual,Riverside County,U.S. BEA - Local Data,Total Personal Income - BEA,"$92,451,456"
2016,Annual,Riverside County,U.S. BEA - Local Data,Per Capita Personal Income - BEA,"$38,050"
2016,Annual,Riverside County,U.S. BEA - Local Data,Total Personal Income - BEA,"$88,997,439"
2015,Annual,Riverside County,U.S. BEA - Local Data,Per Capita Personal Income - BEA,"$36,590"
2015,Annual,Riverside County,U.S. BEA - Local Data,Total Personal Income - BEA,"$84,597,340"
2014,Annual,Riverside County,U.S. BEA - Local Data,Per Capita Personal Income - BEA,"$23,783"
2014,Annual,Riverside County,U.S. BEA - Local Data,Total Personal Income - BEA,"$80,935"
2022,Annual,Sacramento County,U.S. BEA - Local Data,Per Capita Personal Income - BEA,"$61,558"
2022,Annual,Sacramento County,U.S. BEA - Local Data,Total Personal Income - BEA,"$97,517,936"
2021,Annual,Sacramento County,U.S. BEA - Local Data,Per Capita Personal Income - BEA,"$61,775"
2021,Annual,Sacramento County,U.S. BEA - Local Data,Total Personal Income - BEA,"$98,105,641"
2020,Annual,Sacramento County,U.S. BEA - Local Data,Per Capita Personal Income - BEA,"$57,243"
2020,Annual,Sacramento County,U.S. BEA - Local Data,Total Personal Income - BEA,"$90,813,891"
2019,Annual,Sacramento County,U.S. BEA - Local Data,Per Capita Personal Income - BEA,"$52,561"
2019,Annual,Sacramento County,U.S. BEA - Local Data,Total Personal Income - BEA,"$82,815,002"
2018,Annual,Sacramento County,U.S. BEA - Local Data,Per Capita Personal Income - BEA,"$50,314"
2018,Annual,Sacramento County,U.S. BEA - Local Data,Total Personal Income - BEA,"$78,526,608"
2017,Annual,Sacramento County,U.S. BEA - Local Data,Per Capita Personal Income - BEA,"$48,299"
2017,Annual,Sacramento County,U.S. BEA - Local Data,Total Personal Income - BEA,"$74,690,008"
2016,Annual,Sacramento County,U.S. BEA - Local Data,Per Capita Personal Income - BEA,"$46,904"
2016,Annual,Sacramento County,U.S. BEA - Local Data,Total Personal Income - BEA,"$71,627,441"
2015,Annual,Sacramento County,U.S. BEA - Local Data,Per Capita Personal Income - BEA,"$45,866"
2015,Annual,Sacramento County,U.S. BEA - Local Data,Total Personal Income - BEA,"$69,100,516"
2014,Annual,Sacramento County,U.S. BEA - Local Data,Per Capita Personal Income - BEA,"$27,315"
2014,Annual,Sacramento County,U.S. BEA - Local Data,Total Personal Income - BEA,"$83,633"
2022,Annual,San Benito County,U.S. BEA - Local Data,Per Capita Personal Income - BEA,"$61,693"
2022,Annual,San Benito County,U.S. BEA - Local Data,Total Personal Income - BEA,"$4,169,135"
2021,Annual,San Benito County,U.S. BEA - Local Data,Per Capita Personal Income - BEA,"$62,148"
2021,Annual,San Benito County,U.S. BEA - Local Data,Total Personal Income - BEA,"$4,143,744"
2020,Annual,San Benito County,U.S. BEA - Local Data,Per Capita Personal Income - BEA,"$59,893"
2020,Annual,San Benito County,U.S. BEA - Local Data,Total Personal Income - BEA,"$3,864,377"
2019,Annual,San Benito County,U.S. BEA - Local Data,Per Capita Personal Income - BEA,"$53,993"
2019,Annual,San Benito County,U.S. BEA - Local Data,Total Personal Income - BEA,"$3,411,723"
2018,Annual,San Benito County,U.S. BEA - Local Data,Per Capita Personal Income - BEA,"$50,108"
2018,Annual,San Benito County,U.S. BEA - Local Data,Total Personal Income - BEA,"$3,094,215"
2017,Annual,San Benito County,U.S. BEA - Local Data,Per Capita Personal Income - BEA,"$48,563"
2017,Annual,San Benito County,U.S. BEA - Local Data,Total Personal Income - BEA,"$2,936,976"
2016,Annual,San Benito County,U.S. BEA - Local Data,Per Capita Personal Income - BEA,"$46,235"
2016,Annual,San Benito County,U.S. BEA - Local Data,Total Personal Income - BEA,"$2,751,653"
2015,Annual,San Benito County,U.S. BEA - Local Data,Per Capita Personal Income - BEA,"$44,028"
2015,Annual,San Benito County,U.S. BEA - Local Data,Total Personal Income - BEA,"$2,574,650"
2014,Annual,San Benito County,U.S. BEA - Local Data,Per Capita Personal Income - BEA,"$27,239"
2014,Annual,San Benito County,U.S. BEA - Local Data,Total Personal Income - BEA,"$91,649"
2022,Annual,San Bernardino County,U.S. BEA - Local Data,Per Capita Personal Income - BEA,"$49,270"
2022,Annual,San Bernardino County,U.S. BEA - Local Data,Total Personal Income - BEA,"$108,081,645"
2021,Annual,San Bernardino County,U.S. BEA - Local Data,Per Capita Personal Income - BEA,"$49,570"
2021,Annual,San Bernardino County,U.S. BEA - Local Data,Total Personal Income - BEA,"$108,700,135"
2020,Annual,San Bernardino County,U.S. BEA - Local Data,Per Capita Personal Income - BEA,"$45,968"
2020,Annual,San Bernardino County,U.S. BEA - Local Data,Total Personal Income - BEA,"$100,359,889"
2019,Annual,San Bernardino County,U.S. BEA - Local Data,Per Capita Personal Income - BEA,"$41,079"
2019,Annual,San Bernardino County,U.S. BEA - Local Data,Total Personal Income - BEA,"$89,182,422"
2018,Annual,San Bernardino County,U.S. BEA - Local Data,Per Capita Personal Income - BEA,"$38,663"
2018,Annual,San Bernardino County,U.S. BEA - Local Data,Total Personal Income - BEA,"$83,514,331"
2017,Annual,San Bernardino County,U.S. BEA - Local Data,Per Capita Personal Income - BEA,"$37,311"
2017,Annual,San Bernardino County,U.S. BEA - Local Data,Total Personal Income - BEA,"$80,031,472"
2016,Annual,San Bernardino County,U.S. BEA - Local Data,Per Capita Personal Income - BEA,"$36,422"
2016,Annual,San Bernardino County,U.S. BEA - Local Data,Total Personal Income - BEA,"$77,453,102"
2015,Annual,San Bernardino County,U.S. BEA - Local Data,Per Capita Personal Income - BEA,"$35,179"
2015,Annual,San Bernardino County,U.S. BEA - Local Data,Total Personal Income - BEA,"$74,258,677"
2014,Annual,San Bernardino County,U.S. BEA - Local Data,Per Capita Personal Income - BEA,"$21,352"
2014,Annual,San Bernardino County,U.S. BEA - Local Data,Total Personal Income - BEA,"$74,631"
2022,Annual,San Diego County,U.S. BEA - Local Data,Per Capita Personal Income - BEA,"$74,326"
2022,Annual,San Diego County,U.S. BEA - Local Data,Total Personal Income - BEA,"$243,506,541"
2021,Annual,San Diego County,U.S. BEA - Local Data,Total Personal Income - BEA,"$240,216,669"
2021,Annual,San Diego County,U.S. BEA - Local Data,Per Capita Personal Income - BEA,"$73,350"
2020,Annual,San Diego County,U.S. BEA - Local Data,Per Capita Personal Income - BEA,"$67,536"
2020,Annual,San Diego County,U.S. BEA - Local Data,Total Personal Income - BEA,"$222,600,097"
2019,Annual,San Diego County,U.S. BEA - Local Data,Per Capita Personal Income - BEA,"$62,034"
2019,Annual,San Diego County,U.S. BEA - Local Data,Total Personal Income - BEA,"$204,586,175"
2018,Annual,San Diego County,U.S. BEA - Local Data,Total Personal Income - BEA,"$194,949,226"
2018,Annual,San Diego County,U.S. BEA - Local Data,Per Capita Personal Income - BEA,"$59,014"
2017,Annual,San Diego County,U.S. BEA - Local Data,Per Capita Personal Income - BEA,"$56,969"
2017,Annual,San Diego County,U.S. BEA - Local Data,Total Personal Income - BEA,"$187,630,531"
2016,Annual,San Diego County,U.S. BEA - Local Data,Per Capita Personal Income - BEA,"$55,074"
2016,Annual,San Diego County,U.S. BEA - Local Data,Total Personal Income - BEA,"$180,838,809"
2015,Annual,San Diego County,U.S. BEA - Local Data,Total Personal Income - BEA,"$174,081,824"
2015,Annual,San Diego County,U.S. BEA - Local Data,Per Capita Personal Income - BEA,"$53,357"
2014,Annual,San Diego County,U.S. BEA - Local Data,Per Capita Personal Income - BEA,"$31,266"
2014,Annual,San Diego County,U.S. BEA - Local Data,Total Personal Income - BEA,"$97,900"
2022,Annual,San Francisco County,U.S. BEA - Local Data,Per Capita Personal Income - BEA,"$155,819"
2022,Annual,San Francisco County,U.S. BEA - Local Data,Total Personal Income - BEA,"$125,970,097"
2021,Annual,San Francisco County,U.S. BEA - Local Data,Per Capita Personal Income - BEA,"$159,968"
2021,Annual,San Francisco County,U.S. BEA - Local Data,Total Personal Income - BEA,"$129,774,521"
2020,Annual,San Francisco County,U.S. BEA - Local Data,Per Capita Personal Income - BEA,"$134,758"
2020,Annual,San Francisco County,U.S. BEA - Local Data,Total Personal Income - BEA,"$117,292,346"
2019,Annual,San Francisco County,U.S. BEA - Local Data,Per Capita Personal Income - BEA,"$127,173"
2019,Annual,San Francisco County,U.S. BEA - Local Data,Total Personal Income - BEA,"$112,133,213"
2018,Annual,San Francisco County,U.S. BEA - Local Data,Per Capita Personal Income - BEA,"$126,940"
2018,Annual,San Francisco County,U.S. BEA - Local Data,Total Personal Income - BEA,"$111,996,017"
2017,Annual,San Francisco County,U.S. BEA - Local Data,Per Capita Personal Income - BEA,"$117,290"
2017,Annual,San Francisco County,U.S. BEA - Local Data,Total Personal Income - BEA,"$103,185,030"
2016,Annual,San Francisco County,U.S. BEA - Local Data,Per Capita Personal Income - BEA,"$110,451"
2016,Annual,San Francisco County,U.S. BEA - Local Data,Total Personal Income - BEA,"$96,454,751"
2015,Annual,San Francisco County,U.S. BEA - Local Data,Per Capita Personal Income - BEA,"$103,625"
2015,Annual,San Francisco County,U.S. BEA - Local Data,Total Personal Income - BEA,"$89,619,269"
2014,Annual,San Francisco County,U.S. BEA - Local Data,Per Capita Personal Income - BEA,"$52,220"
2014,Annual,San Francisco County,U.S. BEA - Local Data,Total Personal Income - BEA,"$139,927"
2022,Annual,San Joaquin County,U.S. BEA - Local Data,Per Capita Personal Income - BEA,"$54,183"
2022,Annual,San Joaquin County,U.S. BEA - Local Data,Total Personal Income - BEA,"$42,979,635"
2021,Annual,San Joaquin County,U.S. BEA - Local Data,Per Capita Personal Income - BEA,"$55,827"
2021,Annual,San Joaquin County,U.S. BEA - Local Data,Total Personal Income - BEA,"$43,999,624"
2020,Annual,San Joaquin County,U.S. BEA - Local Data,Per Capita Personal Income - BEA,"$51,317"
2020,Annual,San Joaquin County,U.S. BEA - Local Data,Total Personal Income - BEA,"$40,056,124"
2019,Annual,San Joaquin County,U.S. BEA - Local Data,Per Capita Personal Income - BEA,"$45,239"
2019,Annual,San Joaquin County,U.S. BEA - Local Data,Total Personal Income - BEA,"$34,952,093"
2018,Annual,San Joaquin County,U.S. BEA - Local Data,Per Capita Personal Income - BEA,"$42,320"
2018,Annual,San Joaquin County,U.S. BEA - Local Data,Total Personal Income - BEA,"$32,261,357"
2017,Annual,San Joaquin County,U.S. BEA - Local Data,Per Capita Personal Income - BEA,"$40,888"
2017,Annual,San Joaquin County,U.S. BEA - Local Data,Total Personal Income - BEA,"$30,735,741"
2016,Annual,San Joaquin County,U.S. BEA - Local Data,Per Capita Personal Income - BEA,"$39,777"
2016,Annual,San Joaquin County,U.S. BEA - Local Data,Total Personal Income - BEA,"$29,427,807"
2015,Annual,San Joaquin County,U.S. BEA - Local Data,Per Capita Personal Income - BEA,"$38,463"
2015,Annual,San Joaquin County,U.S. BEA - Local Data,Total Personal Income - BEA,"$27,994,154"
2014,Annual,San Joaquin County,U.S. BEA - Local Data,Per Capita Personal Income - BEA,"$22,645"
2014,Annual,San Joaquin County,U.S. BEA - Local Data,Total Personal Income - BEA,"$76,764"
2022,Annual,San Luis Obispo County,U.S. BEA - Local Data,Per Capita Personal Income - BEA,"$67,951"
2022,Annual,San Luis Obispo County,U.S. BEA - Local Data,Total Personal Income - BEA,"$19,162,980"
2021,Annual,San Luis Obispo County,U.S. BEA - Local Data,Per Capita Personal Income - BEA,"$68,717"
2021,Annual,San Luis Obispo County,U.S. BEA - Local Data,Total Personal Income - BEA,"$19,192,484"
2020,Annual,San Luis Obispo County,U.S. BEA - Local Data,Per Capita Personal Income - BEA,"$63,024"
2020,Annual,San Luis Obispo County,U.S. BEA - Local Data,Total Personal Income - BEA,"$17,765,128"
2019,Annual,San Luis Obispo County,U.S. BEA - Local Data,Per Capita Personal Income - BEA,"$58,963"
2019,Annual,San Luis Obispo County,U.S. BEA - Local Data,Total Personal Income - BEA,"$16,665,789"
2018,Annual,San Luis Obispo County,U.S. BEA - Local Data,Per Capita Personal Income - BEA,"$55,473"
2018,Annual,San Luis Obispo County,U.S. BEA - Local Data,Total Personal Income - BEA,"$15,708,604"
2017,Annual,San Luis Obispo County,U.S. BEA - Local Data,Per Capita Personal Income - BEA,"$53,626"
2017,Annual,San Luis Obispo County,U.S. BEA - Local Data,Total Personal Income - BEA,"$15,144,287"
2016,Annual,San Luis Obispo County,U.S. BEA - Local Data,Per Capita Personal Income - BEA,"$51,118"
2016,Annual,San Luis Obispo County,U.S. BEA - Local Data,Total Personal Income - BEA,"$14,406,406"
2015,Annual,San Luis Obispo County,U.S. BEA - Local Data,Per Capita Personal Income - BEA,"$49,914"
2015,Annual,San Luis Obispo County,U.S. BEA - Local Data,Total Personal Income - BEA,"$13,980,423"
2014,Annual,San Luis Obispo County,U.S. BEA - Local Data,Per Capita Personal Income - BEA,"$31,060"
2014,Annual,San Luis Obispo County,U.S. BEA - Local Data,Total Personal Income - BEA,"$94,947"
2022,Annual,San Mateo County,U.S. BEA - Local Data,Per Capita Personal Income - BEA,"$175,070"
2022,Annual,San Mateo County,U.S. BEA - Local Data,Total Personal Income - BEA,"$127,657,596"
2021,Annual,San Mateo County,U.S. BEA - Local Data,Per Capita Personal Income - BEA,"$174,668"
2021,Annual,San Mateo County,U.S. BEA - Local Data,Total Personal Income - BEA,"$129,090,019"
2020,Annual,San Mateo County,U.S. BEA - Local Data,Per Capita Personal Income - BEA,"$141,882"
2020,Annual,San Mateo County,U.S. BEA - Local Data,Total Personal Income - BEA,"$108,186,874"
2019,Annual,San Mateo County,U.S. BEA - Local Data,Per Capita Personal Income - BEA,"$128,875"
2019,Annual,San Mateo County,U.S. BEA - Local Data,Total Personal Income - BEA,"$99,027,638"
2018,Annual,San Mateo County,U.S. BEA - Local Data,Per Capita Personal Income - BEA,"$123,303"
2018,Annual,San Mateo County,U.S. BEA - Local Data,Total Personal Income - BEA,"$95,143,957"
2017,Annual,San Mateo County,U.S. BEA - Local Data,Per Capita Personal Income - BEA,"$114,013"
2017,Annual,San Mateo County,U.S. BEA - Local Data,Total Personal Income - BEA,"$87,958,938"
2016,Annual,San Mateo County,U.S. BEA - Local Data,Per Capita Personal Income - BEA,"$103,798"
2016,Annual,San Mateo County,U.S. BEA - Local Data,Total Personal Income - BEA,"$79,961,246"
2015,Annual,San Mateo County,U.S. BEA - Local Data,Per Capita Personal Income - BEA,"$99,076"
2015,Annual,San Mateo County,U.S. BEA - Local Data,Total Personal Income - BEA,"$76,041,603"
2014,Annual,San Mateo County,U.S. BEA - Local Data,Per Capita Personal Income - BEA,"$48,278"
2014,Annual,San Mateo County,U.S. BEA - Local Data,Total Personal Income - BEA,"$135,131"
2022,Annual,Santa Barbara County,U.S. BEA - Local Data,Per Capita Personal Income - BEA,"$75,720"
2022,Annual,Santa Barbara County,U.S. BEA - Local Data,Total Personal Income - BEA,"$33,607,554"
2021,Annual,Santa Barbara County,U.S. BEA - Local Data,Total Personal Income - BEA,"$33,642,845"
2021,Annual,Santa Barbara County,U.S. BEA - Local Data,Per Capita Personal Income - BEA,"$76,910"
2020,Annual,Santa Barbara County,U.S. BEA - Local Data,Per Capita Personal Income - BEA,"$68,801"
2020,Annual,Santa Barbara County,U.S. BEA - Local Data,Total Personal Income - BEA,"$30,839,511"
2019,Annual,Santa Barbara County,U.S. BEA - Local Data,Per Capita Personal Income - BEA,"$62,306"
2019,Annual,Santa Barbara County,U.S. BEA - Local Data,Total Personal Income - BEA,"$27,936,118"
2018,Annual,Santa Barbara County,U.S. BEA - Local Data,Total Personal Income - BEA,"$26,706,505"
2018,Annual,Santa Barbara County,U.S. BEA - Local Data,Per Capita Personal Income - BEA,"$59,649"
2017,Annual,Santa Barbara County,U.S. BEA - Local Data,Per Capita Personal Income - BEA,"$57,012"
2017,Annual,Santa Barbara County,U.S. BEA - Local Data,Total Personal Income - BEA,"$25,499,526"
2016,Annual,Santa Barbara County,U.S. BEA - Local Data,Per Capita Personal Income - BEA,"$54,873"
2016,Annual,Santa Barbara County,U.S. BEA - Local Data,Total Personal Income - BEA,"$24,476,667"
2015,Annual,Santa Barbara County,U.S. BEA - Local Data,Total Personal Income - BEA,"$24,099,747"
2015,Annual,Santa Barbara County,U.S. BEA - Local Data,Per Capita Personal Income - BEA,"$54,318"
2014,Annual,Santa Barbara County,U.S. BEA - Local Data,Per Capita Personal Income - BEA,"$30,589"
2014,Annual,Santa Barbara County,U.S. BEA - Local Data,Total Personal Income - BEA,"$89,903"
2022,Annual,Santa Clara County,U.S. BEA - Local Data,Per Capita Personal Income - BEA,"$144,399"
2022,Annual,Santa Clara County,U.S. BEA - Local Data,Total Personal Income - BEA,"$270,162,197"
2021,Annual,Santa Clara County,U.S. BEA - Local Data,Per Capita Personal Income - BEA,"$144,552"
2021,Annual,Santa Clara County,U.S. BEA - Local Data,Total Personal Income - BEA,"$272,711,739"
2020,Annual,Santa Clara County,U.S. BEA - Local Data,Per Capita Personal Income - BEA,"$124,637"
2020,Annual,Santa Clara County,U.S. BEA - Local Data,Total Personal Income - BEA,"$240,677,946"
2019,Annual,Santa Clara County,U.S. BEA - Local Data,Per Capita Personal Income - BEA,"$112,459"
2019,Annual,Santa Clara County,U.S. BEA - Local Data,Total Personal Income - BEA,"$218,542,457"
2018,Annual,Santa Clara County,U.S. BEA - Local Data,Per Capita Personal Income - BEA,"$106,567"
2018,Annual,Santa Clara County,U.S. BEA - Local Data,Total Personal Income - BEA,"$207,881,196"
2017,Annual,Santa Clara County,U.S. BEA - Local Data,Per Capita Personal Income - BEA,"$97,652"
2017,Annual,Santa Clara County,U.S. BEA - Local Data,Total Personal Income - BEA,"$190,293,049"
2016,Annual,Santa Clara County,U.S. BEA - Local Data,Per Capita Personal Income - BEA,"$90,105"
2016,Annual,Santa Clara County,U.S. BEA - Local Data,Total Personal Income - BEA,"$175,007,448"
2015,Annual,Santa Clara County,U.S. BEA - Local Data,Per Capita Personal Income - BEA,"$83,773"
2015,Annual,Santa Clara County,U.S. BEA - Local Data,Total Personal Income - BEA,"$161,471,908"
2014,Annual,Santa Clara County,U.S. BEA - Local Data,Per Capita Personal Income - BEA,"$43,880"
2014,Annual,Santa Clara County,U.S. BEA - Local Data,Total Personal Income - BEA,"$128,243"
2022,Annual,Santa Cruz County,U.S. BEA - Local Data,Per Capita Personal Income - BEA,"$86,365"
2022,Annual,Santa Cruz County,U.S. BEA - Local Data,Total Personal Income - BEA,"$22,832,350"
2021,Annual,Santa Cruz County,U.S. BEA - Local Data,Per Capita Personal Income - BEA,"$88,997"
2021,Annual,Santa Cruz County,U.S. BEA - Local Data,Total Personal Income - BEA,"$23,183,258"
2020,Annual,Santa Cruz County,U.S. BEA - Local Data,Per Capita Personal Income - BEA,"$78,299"
2020,Annual,Santa Cruz County,U.S. BEA - Local Data,Total Personal Income - BEA,"$21,176,826"
2019,Annual,Santa Cruz County,U.S. BEA - Local Data,Per Capita Personal Income - BEA,"$69,302"
2019,Annual,Santa Cruz County,U.S. BEA - Local Data,Total Personal Income - BEA,"$18,933,052"
2018,Annual,Santa Cruz County,U.S. BEA - Local Data,Per Capita Personal Income - BEA,"$64,845"
2018,Annual,Santa Cruz County,U.S. BEA - Local Data,Total Personal Income - BEA,"$17,767,743"
2017,Annual,Santa Cruz County,U.S. BEA - Local Data,Per Capita Personal Income - BEA,"$62,065"
2017,Annual,Santa Cruz County,U.S. BEA - Local Data,Total Personal Income - BEA,"$17,075,441"
2016,Annual,Santa Cruz County,U.S. BEA - Local Data,Per Capita Personal Income - BEA,"$58,504"
2016,Annual,Santa Cruz County,U.S. BEA - Local Data,Total Personal Income - BEA,"$16,070,715"
2015,Annual,Santa Cruz County,U.S. BEA - Local Data,Per Capita Personal Income - BEA,"$56,902"
2015,Annual,Santa Cruz County,U.S. BEA - Local Data,Total Personal Income - BEA,"$15,572,810"
2014,Annual,Santa Cruz County,U.S. BEA - Local Data,Per Capita Personal Income - BEA,"$33,241"
2014,Annual,Santa Cruz County,U.S. BEA - Local Data,Total Personal Income - BEA,"$91,983"
2022,Annual,Shasta County,U.S. BEA - Local Data,Per Capita Personal Income - BEA,"$54,120"
2022,Annual,Shasta County,U.S. BEA - Local Data,Total Personal Income - BEA,"$9,791,945"
2021,Annual,Shasta County,U.S. BEA - Local Data,Per Capita Personal Income - BEA,"$54,546"
2021,Annual,Shasta County,U.S. BEA - Local Data,Total Personal Income - BEA,"$9,926,304"
2020,Annual,Shasta County,U.S. BEA - Local Data,Per Capita Personal Income - BEA,"$51,246"
2020,Annual,Shasta County,U.S. BEA - Local Data,Total Personal Income - BEA,"$9,325,879"
2019,Annual,Shasta County,U.S. BEA - Local Data,Per Capita Personal Income - BEA,"$45,744"
2019,Annual,Shasta County,U.S. BEA - Local Data,Total Personal Income - BEA,"$8,334,396"
2018,Annual,Shasta County,U.S. BEA - Local Data,Per Capita Personal Income - BEA,"$43,843"
2018,Annual,Shasta County,U.S. BEA - Local Data,Total Personal Income - BEA,"$7,976,743"
2017,Annual,Shasta County,U.S. BEA - Local Data,Per Capita Personal Income - BEA,"$42,714"
2017,Annual,Shasta County,U.S. BEA - Local Data,Total Personal Income - BEA,"$7,748,179"
2016,Annual,Shasta County,U.S. BEA - Local Data,Per Capita Personal Income - BEA,"$41,305"
2016,Annual,Shasta County,U.S. BEA - Local Data,Total Personal Income - BEA,"$7,447,216"
2015,Annual,Shasta County,U.S. BEA - Local Data,Per Capita Personal Income - BEA,"$40,252"
2015,Annual,Shasta County,U.S. BEA - Local Data,Total Personal Income - BEA,"$7,237,895"
2014,Annual,Shasta County,U.S. BEA - Local Data,Per Capita Personal Income - BEA,"$24,107"
2014,Annual,Shasta County,U.S. BEA - Local Data,Total Personal Income - BEA,"$59,740"
2022,Annual,Sierra County,U.S. BEA - Local Data,Per Capita Personal Income - BEA,"$47,877"
2022,Annual,Sierra County,U.S. BEA - Local Data,Total Personal Income - BEA,"$154,021"
2021,Annual,Sierra County,U.S. BEA - Local Data,Per Capita Personal Income - BEA,"$46,767"
2021,Annual,Sierra County,U.S. BEA - Local Data,Total Personal Income - BEA,"$154,098"
2020,Annual,Sierra County,U.S. BEA - Local Data,Per Capita Personal Income - BEA,"$45,192"
2020,Annual,Sierra County,U.S. BEA - Local Data,Total Personal Income - BEA,"$145,880"
2019,Annual,Sierra County,U.S. BEA - Local Data,Per Capita Personal Income - BEA,"$41,733"
2019,Annual,Sierra County,U.S. BEA - Local Data,Total Personal Income - BEA,"$135,131"
2018,Annual,Sierra County,U.S. BEA - Local Data,Per Capita Personal Income - BEA,"$39,756"
2018,Annual,Sierra County,U.S. BEA - Local Data,Total Personal Income - BEA,"$127,577"
2017,Annual,Sierra County,U.S. BEA - Local Data,Per Capita Personal Income - BEA,"$38,612"
2017,Annual,Sierra County,U.S. BEA - Local Data,Total Personal Income - BEA,"$124,641"
2016,Annual,Sierra County,U.S. BEA - Local Data,Per Capita Personal Income - BEA,"$37,831"
2016,Annual,Sierra County,U.S. BEA - Local Data,Total Personal Income - BEA,"$118,828"
2015,Annual,Sierra County,U.S. BEA - Local Data,Per Capita Personal Income - BEA,"$36,501"
2015,Annual,Sierra County,U.S. BEA - Local Data,Total Personal Income - BEA,"$114,905"
2014,Annual,Sierra County,U.S. BEA - Local Data,Per Capita Personal Income - BEA,"$29,986"
2014,Annual,Sierra County,U.S. BEA - Local Data,Total Personal Income - BEA,"$65,938"
2022,Annual,Siskiyou County,U.S. BEA - Local Data,Per Capita Personal Income - BEA,"$51,788"
2022,Annual,Siskiyou County,U.S. BEA - Local Data,Total Personal Income - BEA,"$2,261,048"
2021,Annual,Siskiyou County,U.S. BEA - Local Data,Per Capita Personal Income - BEA,"$52,474"
2021,Annual,Siskiyou County,U.S. BEA - Local Data,Total Personal Income - BEA,"$2,310,238"
2020,Annual,Siskiyou County,U.S. BEA - Local Data,Per Capita Personal Income - BEA,"$49,301"
2020,Annual,Siskiyou County,U.S. BEA - Local Data,Total Personal Income - BEA,"$2,168,815"
2019,Annual,Siskiyou County,U.S. BEA - Local Data,Per Capita Personal Income - BEA,"$43,420"
2019,Annual,Siskiyou County,U.S. BEA - Local Data,Total Personal Income - BEA,"$1,923,781"
2018,Annual,Siskiyou County,U.S. BEA - Local Data,Per Capita Personal Income - BEA,"$42,268"
2018,Annual,Siskiyou County,U.S. BEA - Local Data,Total Personal Income - BEA,"$1,868,074"
2017,Annual,Siskiyou County,U.S. BEA - Local Data,Per Capita Personal Income - BEA,"$41,411"
2017,Annual,Siskiyou County,U.S. BEA - Local Data,Total Personal Income - BEA,"$1,828,306"
2016,Annual,Siskiyou County,U.S. BEA - Local Data,Per Capita Personal Income - BEA,"$40,621"
2016,Annual,Siskiyou County,U.S. BEA - Local Data,Total Personal Income - BEA,"$1,780,504"
2015,Annual,Siskiyou County,U.S. BEA - Local Data,Per Capita Personal Income - BEA,"$39,585"
2015,Annual,Siskiyou County,U.S. BEA - Local Data,Total Personal Income - BEA,"$1,727,276"
2014,Annual,Siskiyou County,U.S. BEA - Local Data,Per Capita Personal Income - BEA,"$22,561"
2014,Annual,Siskiyou County,U.S. BEA - Local Data,Total Personal Income - BEA,"$50,890"
2022,Annual,Solano County,U.S. BEA - Local Data,Per Capita Personal Income - BEA,"$58,273"
2022,Annual,Solano County,U.S. BEA - Local Data,Total Personal Income - BEA,"$26,149,679"
2021,Annual,Solano County,U.S. BEA - Local Data,Per Capita Personal Income - BEA,"$59,873"
2021,Annual,Solano County,U.S. BEA - Local Data,Total Personal Income - BEA,"$26,963,798"
2020,Annual,Solano County,U.S. BEA - Local Data,Per Capita Personal Income - BEA,"$57,029"
2020,Annual,Solano County,U.S. BEA - Local Data,Total Personal Income - BEA,"$25,816,822"
2019,Annual,Solano County,U.S. BEA - Local Data,Per Capita Personal Income - BEA,"$51,540"
2019,Annual,Solano County,U.S. BEA - Local Data,Total Personal Income - BEA,"$23,350,113"
2018,Annual,Solano County,U.S. BEA - Local Data,Per Capita Personal Income - BEA,"$48,566"
2018,Annual,Solano County,U.S. BEA - Local Data,Total Personal Income - BEA,"$21,899,263"
2017,Annual,Solano County,U.S. BEA - Local Data,Per Capita Personal Income - BEA,"$46,644"
2017,Annual,Solano County,U.S. BEA - Local Data,Total Personal Income - BEA,"$20,892,491"
2016,Annual,Solano County,U.S. BEA - Local Data,Per Capita Personal Income - BEA,"$45,447"
2016,Annual,Solano County,U.S. BEA - Local Data,Total Personal Income - BEA,"$20,112,104"
2015,Annual,Solano County,U.S. BEA - Local Data,Per Capita Personal Income - BEA,"$43,597"
2015,Annual,Solano County,U.S. BEA - Local Data,Total Personal Income - BEA,"$19,027,697"
2014,Annual,Solano County,U.S. BEA - Local Data,Per Capita Personal Income - BEA,"$29,185"
2014,Annual,Solano County,U.S. BEA - Local Data,Total Personal Income - BEA,"$83,446"
2022,Annual,Sonoma County,U.S. BEA - Local Data,Per Capita Personal Income - BEA,"$77,900"
2022,Annual,Sonoma County,U.S. BEA - Local Data,Total Personal Income - BEA,"$37,598,558"
2021,Annual,Sonoma County,U.S. BEA - Local Data,Per Capita Personal Income - BEA,"$78,558"
2021,Annual,Sonoma County,U.S. BEA - Local Data,Total Personal Income - BEA,"$38,047,053"
2020,Annual,Sonoma County,U.S. BEA - Local Data,Per Capita Personal Income - BEA,"$71,866"
2020,Annual,Sonoma County,U.S. BEA - Local Data,Total Personal Income - BEA,"$35,091,038"
2019,Annual,Sonoma County,U.S. BEA - Local Data,Per Capita Personal Income - BEA,"$65,804"
2019,Annual,Sonoma County,U.S. BEA - Local Data,Total Personal Income - BEA,"$32,300,805"
2018,Annual,Sonoma County,U.S. BEA - Local Data,Per Capita Personal Income - BEA,"$61,066"
2018,Annual,Sonoma County,U.S. BEA - Local Data,Total Personal Income - BEA,"$30,283,557"
2017,Annual,Sonoma County,U.S. BEA - Local Data,Per Capita Personal Income - BEA,"$57,858"
2017,Annual,Sonoma County,U.S. BEA - Local Data,Total Personal Income - BEA,"$28,988,972"
2016,Annual,Sonoma County,U.S. BEA - Local Data,Per Capita Personal Income - BEA,"$55,513"
2016,Annual,Sonoma County,U.S. BEA - Local Data,Total Personal Income - BEA,"$27,836,308"
2015,Annual,Sonoma County,U.S. BEA - Local Data,Per Capita Personal Income - BEA,"$53,594"
2015,Annual,Sonoma County,U.S. BEA - Local Data,Total Personal Income - BEA,"$26,783,825"
2014,Annual,Sonoma County,U.S. BEA - Local Data,Per Capita Personal Income - BEA,"$34,235"
2014,Annual,Sonoma County,U.S. BEA - Local Data,Total Personal Income - BEA,"$87,597"
2022,Annual,Stanislaus County,U.S. BEA - Local Data,Per Capita Personal Income - BEA,"$51,015"
2022,Annual,Stanislaus County,U.S. BEA - Local Data,Total Personal Income - BEA,"$28,123,096"
2021,Annual,Stanislaus County,U.S. BEA - Local Data,Per Capita Personal Income - BEA,"$52,130"
2021,Annual,Stanislaus County,U.S. BEA - Local Data,Total Personal Income - BEA,"$28,820,142"
2020,Annual,Stanislaus County,U.S. BEA - Local Data,Per Capita Personal Income - BEA,"$48,532"
2020,Annual,Stanislaus County,U.S. BEA - Local Data,Total Personal Income - BEA,"$26,848,535"
2019,Annual,Stanislaus County,U.S. BEA - Local Data,Per Capita Personal Income - BEA,"$43,396"
2019,Annual,Stanislaus County,U.S. BEA - Local Data,Total Personal Income - BEA,"$23,954,863"
2018,Annual,Stanislaus County,U.S. BEA - Local Data,Per Capita Personal Income - BEA,"$41,452"
2018,Annual,Stanislaus County,U.S. BEA - Local Data,Total Personal Income - BEA,"$22,792,301"
2017,Annual,Stanislaus County,U.S. BEA - Local Data,Per Capita Personal Income - BEA,"$40,592"
2017,Annual,Stanislaus County,U.S. BEA - Local Data,Total Personal Income - BEA,"$22,172,349"
2016,Annual,Stanislaus County,U.S. BEA - Local Data,Per Capita Personal Income - BEA,"$39,780"
2016,Annual,Stanislaus County,U.S. BEA - Local Data,Total Personal Income - BEA,"$21,499,589"
2015,Annual,Stanislaus County,U.S. BEA - Local Data,Per Capita Personal Income - BEA,"$39,006"
2015,Annual,Stanislaus County,U.S. BEA - Local Data,Total Personal Income - BEA,"$20,836,373"
2014,Annual,Stanislaus County,U.S. BEA - Local Data,Per Capita Personal Income - BEA,"$21,922"
2014,Annual,Stanislaus County,U.S. BEA - Local Data,Total Personal Income - BEA,"$65,947"
2022,Annual,Sutter County,U.S. BEA - Local Data,Per Capita Personal Income - BEA,"$52,005"
2022,Annual,Sutter County,U.S. BEA - Local Data,Total Personal Income - BEA,"$5,122,683"
2021,Annual,Sutter County,U.S. BEA - Local Data,Per Capita Personal Income - BEA,"$53,408"
2021,Annual,Sutter County,U.S. BEA - Local Data,Total Personal Income - BEA,"$5,289,376"
2020,Annual,Sutter County,U.S. BEA - Local Data,Per Capita Personal Income - BEA,"$49,536"
2020,Annual,Sutter County,U.S. BEA - Local Data,Total Personal Income - BEA,"$4,927,076"
2019,Annual,Sutter County,U.S. BEA - Local Data,Per Capita Personal Income - BEA,"$43,868"
2019,Annual,Sutter County,U.S. BEA - Local Data,Total Personal Income - BEA,"$4,373,169"
2018,Annual,Sutter County,U.S. BEA - Local Data,Per Capita Personal Income - BEA,"$42,184"
2018,Annual,Sutter County,U.S. BEA - Local Data,Total Personal Income - BEA,"$4,168,235"
2017,Annual,Sutter County,U.S. BEA - Local Data,Per Capita Personal Income - BEA,"$40,348"
2017,Annual,Sutter County,U.S. BEA - Local Data,Total Personal Income - BEA,"$3,966,809"
2016,Annual,Sutter County,U.S. BEA - Local Data,Per Capita Personal Income - BEA,"$39,983"
2016,Annual,Sutter County,U.S. BEA - Local Data,Total Personal Income - BEA,"$3,902,972"
2015,Annual,Sutter County,U.S. BEA - Local Data,Per Capita Personal Income - BEA,"$39,130"
2015,Annual,Sutter County,U.S. BEA - Local Data,Total Personal Income - BEA,"$3,786,330"
2014,Annual,Sutter County,U.S. BEA - Local Data,Per Capita Personal Income - BEA,"$23,689"
2014,Annual,Sutter County,U.S. BEA - Local Data,Total Personal Income - BEA,"$69,238"
2022,Annual,Tehama County,U.S. BEA - Local Data,Per Capita Personal Income - BEA,"$47,315"
2022,Annual,Tehama County,U.S. BEA - Local Data,Total Personal Income - BEA,"$3,087,088"
2021,Annual,Tehama County,U.S. BEA - Local Data,Per Capita Personal Income - BEA,"$47,750"
2021,Annual,Tehama County,U.S. BEA - Local Data,Total Personal Income - BEA,"$3,121,904"
2020,Annual,Tehama County,U.S. BEA - Local Data,Per Capita Personal Income - BEA,"$44,883"
2020,Annual,Tehama County,U.S. BEA - Local Data,Total Personal Income - BEA,"$2,947,996"
2019,Annual,Tehama County,U.S. BEA - Local Data,Per Capita Personal Income - BEA,"$40,081"
2019,Annual,Tehama County,U.S. BEA - Local Data,Total Personal Income - BEA,"$2,653,050"
2018,Annual,Tehama County,U.S. BEA - Local Data,Per Capita Personal Income - BEA,"$38,783"
2018,Annual,Tehama County,U.S. BEA - Local Data,Total Personal Income - BEA,"$2,512,451"
2017,Annual,Tehama County,U.S. BEA - Local Data,Per Capita Personal Income - BEA,"$37,997"
2017,Annual,Tehama County,U.S. BEA - Local Data,Total Personal Income - BEA,"$2,454,516"
2016,Annual,Tehama County,U.S. BEA - Local Data,Per Capita Personal Income - BEA,"$36,008"
2016,Annual,Tehama County,U.S. BEA - Local Data,Total Personal Income - BEA,"$2,309,054"
2015,Annual,Tehama County,U.S. BEA - Local Data,Per Capita Personal Income - BEA,"$35,500"
2015,Annual,Tehama County,U.S. BEA - Local Data,Total Personal Income - BEA,"$2,261,405"
2014,Annual,Tehama County,U.S. BEA - Local Data,Per Capita Personal Income - BEA,"$21,263"
2014,Annual,Tehama County,U.S. BEA - Local Data,Total Personal Income - BEA,"$55,221"
2022,Annual,Trinity County,U.S. BEA - Local Data,Per Capita Personal Income - BEA,"$36,314"
2022,Annual,Trinity County,U.S. BEA - Local Data,Total Personal Income - BEA,"$573,075"
2021,Annual,Trinity County,U.S. BEA - Local Data,Per Capita Personal Income - BEA,"$35,204"
2021,Annual,Trinity County,U.S. BEA - Local Data,Total Personal Income - BEA,"$565,409"
2020,Annual,Trinity County,U.S. BEA - Local Data,Per Capita Personal Income - BEA,"$33,472"
2020,Annual,Trinity County,U.S. BEA - Local Data,Total Personal Income - BEA,"$538,535"
2019,Annual,Trinity County,U.S. BEA - Local Data,Per Capita Personal Income - BEA,"$31,634"
2019,Annual,Trinity County,U.S. BEA - Local Data,Total Personal Income - BEA,"$500,196"
2018,Annual,Trinity County,U.S. BEA - Local Data,Per Capita Personal Income - BEA,"$30,685"
2018,Annual,Trinity County,U.S. BEA - Local Data,Total Personal Income - BEA,"$482,368"
2017,Annual,Trinity County,U.S. BEA - Local Data,Per Capita Personal Income - BEA,"$29,747"
2017,Annual,Trinity County,U.S. BEA - Local Data,Total Personal Income - BEA,"$459,881"
2016,Annual,Trinity County,U.S. BEA - Local Data,Per Capita Personal Income - BEA,"$29,722"
2016,Annual,Trinity County,U.S. BEA - Local Data,Total Personal Income - BEA,"$450,849"
2015,Annual,Trinity County,U.S. BEA - Local Data,Per Capita Personal Income - BEA,"$29,552"
2015,Annual,Trinity County,U.S. BEA - Local Data,Total Personal Income - BEA,"$445,463"
2014,Annual,Trinity County,U.S. BEA - Local Data,Per Capita Personal Income - BEA,"$22,975"
2014,Annual,Trinity County,U.S. BEA - Local Data,Total Personal Income - BEA,"$52,129"
2022,Annual,Tulare County,U.S. BEA - Local Data,Per Capita Personal Income - BEA,"$47,295"
2022,Annual,Tulare County,U.S. BEA - Local Data,Total Personal Income - BEA,"$22,585,661"
2021,Annual,Tulare County,U.S. BEA - Local Data,Per Capita Personal Income - BEA,"$48,626"
2021,Annual,Tulare County,U.S. BEA - Local Data,Total Personal Income - BEA,"$23,191,982"
2020,Annual,Tulare County,U.S. BEA - Local Data,Per Capita Personal Income - BEA,"$45,523"
2020,Annual,Tulare County,U.S. BEA - Local Data,Total Personal Income - BEA,"$21,572,811"
2019,Annual,Tulare County,U.S. BEA - Local Data,Per Capita Personal Income - BEA,"$39,834"
2019,Annual,Tulare County,U.S. BEA - Local Data,Total Personal Income - BEA,"$18,728,754"
2018,Annual,Tulare County,U.S. BEA - Local Data,Per Capita Personal Income - BEA,"$38,070"
2018,Annual,Tulare County,U.S. BEA - Local Data,Total Personal Income - BEA,"$17,824,523"
2017,Annual,Tulare County,U.S. BEA - Local Data,Per Capita Personal Income - BEA,"$37,983"
2017,Annual,Tulare County,U.S. BEA - Local Data,Total Personal Income - BEA,"$17,681,249"
2016,Annual,Tulare County,U.S. BEA - Local Data,Per Capita Personal Income - BEA,"$37,125"
2016,Annual,Tulare County,U.S. BEA - Local Data,Total Personal Income - BEA,"$17,149,047"
2015,Annual,Tulare County,U.S. BEA - Local Data,Per Capita Personal Income - BEA,"$35,556"
2015,Annual,Tulare County,U.S. BEA - Local Data,Total Personal Income - BEA,"$16,328,948"
2014,Annual,Tulare County,U.S. BEA - Local Data,Per Capita Personal Income - BEA,"$17,876"
2014,Annual,Tulare County,U.S. BEA - Local Data,Total Personal Income - BEA,"$58,678"
2022,Annual,Tuolumne County,U.S. BEA - Local Data,Per Capita Personal Income - BEA,"$52,806"
2022,Annual,Tuolumne County,U.S. BEA - Local Data,Total Personal Income - BEA,"$2,879,540"
2021,Annual,Tuolumne County,U.S. BEA - Local Data,Per Capita Personal Income - BEA,"$53,216"
2021,Annual,Tuolumne County,U.S. BEA - Local Data,Total Personal Income - BEA,"$2,930,342"
2020,Annual,Tuolumne County,U.S. BEA - Local Data,Per Capita Personal Income - BEA,"$49,653"
2020,Annual,Tuolumne County,U.S. BEA - Local Data,Total Personal Income - BEA,"$2,749,488"
2019,Annual,Tuolumne County,U.S. BEA - Local Data,Per Capita Personal Income - BEA,"$45,926"
2019,Annual,Tuolumne County,U.S. BEA - Local Data,Total Personal Income - BEA,"$2,534,017"
2018,Annual,Tuolumne County,U.S. BEA - Local Data,Per Capita Personal Income - BEA,"$43,806"
2018,Annual,Tuolumne County,U.S. BEA - Local Data,Total Personal Income - BEA,"$2,411,046"
2017,Annual,Tuolumne County,U.S. BEA - Local Data,Per Capita Personal Income - BEA,"$43,170"
2017,Annual,Tuolumne County,U.S. BEA - Local Data,Total Personal Income - BEA,"$2,358,873"
2016,Annual,Tuolumne County,U.S. BEA - Local Data,Per Capita Personal Income - BEA,"$42,373"
2016,Annual,Tuolumne County,U.S. BEA - Local Data,Total Personal Income - BEA,"$2,301,639"
2015,Annual,Tuolumne County,U.S. BEA - Local Data,Per Capita Personal Income - BEA,"$40,912"
2015,Annual,Tuolumne County,U.S. BEA - Local Data,Total Personal Income - BEA,"$2,213,043"
2014,Annual,Tuolumne County,U.S. BEA - Local Data,Per Capita Personal Income - BEA,"$27,054"
2014,Annual,Tuolumne County,U.S. BEA - Local Data,Total Personal Income - BEA,"$64,828"
2022,Annual,Ventura County,U.S. BEA - Local Data,Per Capita Personal Income - BEA,"$76,375"
2022,Annual,Ventura County,U.S. BEA - Local Data,Total Personal Income - BEA,"$63,589,878"
2021,Annual,Ventura County,U.S. BEA - Local Data,Per Capita Personal Income - BEA,"$74,527"
2021,Annual,Ventura County,U.S. BEA - Local Data,Total Personal Income - BEA,"$62,554,527"
2020,Annual,Ventura County,U.S. BEA - Local Data,Per Capita Personal Income - BEA,"$68,273"
2020,Annual,Ventura County,U.S. BEA - Local Data,Total Personal Income - BEA,"$57,575,258"
2019,Annual,Ventura County,U.S. BEA - Local Data,Per Capita Personal Income - BEA,"$62,886"
2019,Annual,Ventura County,U.S. BEA - Local Data,Total Personal Income - BEA,"$53,163,902"
2018,Annual,Ventura County,U.S. BEA - Local Data,Per Capita Personal Income - BEA,"$59,781"
2018,Annual,Ventura County,U.S. BEA - Local Data,Total Personal Income - BEA,"$50,711,842"
2017,Annual,Ventura County,U.S. BEA - Local Data,Per Capita Personal Income - BEA,"$57,456"
2017,Annual,Ventura County,U.S. BEA - Local Data,Total Personal Income - BEA,"$48,791,042"
2016,Annual,Ventura County,U.S. BEA - Local Data,Per Capita Personal Income - BEA,"$55,756"
2016,Annual,Ventura County,U.S. BEA - Local Data,Total Personal Income - BEA,"$47,265,014"
2015,Annual,Ventura County,U.S. BEA - Local Data,Per Capita Personal Income - BEA,"$54,241"
2015,Annual,Ventura County,U.S. BEA - Local Data,Total Personal Income - BEA,"$45,901,737"
2014,Annual,Ventura County,U.S. BEA - Local Data,Per Capita Personal Income - BEA,"$33,435"
2014,Annual,Ventura County,U.S. BEA - Local Data,Total Personal Income - BEA,"$100,843"
2022,Annual,Yolo County,U.S. BEA - Local Data,Per Capita Personal Income - BEA,"$64,279"
2022,Annual,Yolo County,U.S. BEA - Local Data,Total Personal Income - BEA,"$14,277,264"
2021,Annual,Yolo County,U.S. BEA - Local Data,Total Personal Income - BEA,"$14,126,183"
2021,Annual,Yolo County,U.S. BEA - Local Data,Per Capita Personal Income - BEA,"$66,308"
2020,Annual,Yolo County,U.S. BEA - Local Data,Per Capita Personal Income - BEA,"$60,305"
2020,Annual,Yolo County,U.S. BEA - Local Data,Total Personal Income - BEA,"$13,043,398"
2019,Annual,Yolo County,U.S. BEA - Local Data,Per Capita Personal Income - BEA,"$55,226"
2019,Annual,Yolo County,U.S. BEA - Local Data,Total Personal Income - BEA,"$11,974,697"
2018,Annual,Yolo County,U.S. BEA - Local Data,Total Personal Income - BEA,"$11,304,743"
2018,Annual,Yolo County,U.S. BEA - Local Data,Per Capita Personal Income - BEA,"$52,040"
2017,Annual,Yolo County,U.S. BEA - Local Data,Per Capita Personal Income - BEA,"$50,754"
2017,Annual,Yolo County,U.S. BEA - Local Data,Total Personal Income - BEA,"$10,961,869"
2016,Annual,Yolo County,U.S. BEA - Local Data,Per Capita Personal Income - BEA,"$49,918"
2016,Annual,Yolo County,U.S. BEA - Local Data,Total Personal Income - BEA,"$10,654,951"
2015,Annual,Yolo County,U.S. BEA - Local Data,Total Personal Income - BEA,"$10,307,702"
2015,Annual,Yolo County,U.S. BEA - Local Data,Per Capita Personal Income - BEA,"$49,027"
2014,Annual,Yolo County,U.S. BEA - Local Data,Per Capita Personal Income - BEA,"$28,116"
2014,Annual,Yolo County,U.S. BEA - Local Data,Total Personal Income - BEA,"$78,450"
2022,Annual,Yuba County,U.S. BEA - Local Data,Per Capita Personal Income - BEA,"$48,204"
2022,Annual,Yuba County,U.S. BEA - Local Data,Total Personal Income - BEA,"$4,064,114"
2021,Annual,Yuba County,U.S. BEA - Local Data,Total Personal Income - BEA,"$4,078,703"
2021,Annual,Yuba County,U.S. BEA - Local Data,Per Capita Personal Income - BEA,"$49,013"
2020,Annual,Yuba County,U.S. BEA - Local Data,Per Capita Personal Income - BEA,"$45,680"
2020,Annual,Yuba County,U.S. BEA - Local Data,Total Personal Income - BEA,"$3,745,504"
2019,Annual,Yuba County,U.S. BEA - Local Data,Per Capita Personal Income - BEA,"$41,285"
2019,Annual,Yuba County,U.S. BEA - Local Data,Total Personal Income - BEA,"$3,306,694"
2018,Annual,Yuba County,U.S. BEA - Local Data,Total Personal Income - BEA,"$3,108,945"
2018,Annual,Yuba County,U.S. BEA - Local Data,Per Capita Personal Income - BEA,"$39,466"
2017,Annual,Yuba County,U.S. BEA - Local Data,Per Capita Personal Income - BEA,"$37,776"
2017,Annual,Yuba County,U.S. BEA - Local Data,Total Personal Income - BEA,"$2,937,225"
2016,Annual,Yuba County,U.S. BEA - Local Data,Per Capita Personal Income - BEA,"$37,593"
2016,Annual,Yuba County,U.S. BEA - Local Data,Total Personal Income - BEA,"$2,853,823"
2015,Annual,Yuba County,U.S. BEA - Local Data,Total Personal Income - BEA,"$2,738,968"
2015,Annual,Yuba County,U.S. BEA - Local Data,Per Capita Personal Income - BEA,"$36,587"
2014,Annual,Yuba County,U.S. BEA - Local Data,Per Capita Personal Income - BEA,"$20,471"
2014,Annual,Yuba County,U.S. BEA - Local Data,Total Personal Income - BEA,"$58,447"