Year,Period,Area,Population Source,Population
2022,Annual,California,California Dept of Finance,"39,146,273"
2021,Annual,California,California Dept of Finance,"39,246,702"
2020,Annual,California,California Dept of Finance,"39,541,722"
2019,Annual,California,California Dept of Finance,"39,529,566"
2018,Annual,California,California Dept of Finance,"39,476,064"
2017,Annual,California,California Dept of Finance,"39,328,926"
2016,Annual,California,California Dept of Finance,"39,127,855"
2015,Annual,California,California Dept of Finance,"38,913,507"
2014,Annual,California,California Dept of Finance,"38,499,378"
2022,Annual,Alameda County,California Dept of Finance,"1,649,975"
2021,Annual,Alameda County,California Dept of Finance,"1,657,465"
2020,Annual,Alameda County,California Dept of Finance,"1,680,487"
2019,Annual,Alameda County,California Dept of Finance,"1,678,926"
2018,Annual,Alameda County,California Dept of Finance,"1,669,659"
2017,Annual,Alameda County,California Dept of Finance,"1,659,750"
2016,Annual,Alameda County,California Dept of Finance,"1,647,332"
2015,Annual,Alameda County,California Dept of Finance,"1,630,159"
2014,Annual,Alameda County,California Dept of Finance,"1,583,979"
2022,Annual,Alpine County,California Dept of Finance,"1,175"
2021,Annual,Alpine County,California Dept of Finance,"1,180"
2020,Annual,Alpine County,California Dept of Finance,"1,202"
2019,Annual,Alpine County,California Dept of Finance,"1,205"
2018,Annual,Alpine County,California Dept of Finance,"1,208"
2017,Annual,Alpine County,California Dept of Finance,"1,211"
2016,Annual,Alpine County,California Dept of Finance,"1,207"
2015,Annual,Alpine County,California Dept of Finance,"1,201"
2014,Annual,Alpine County,California Dept of Finance,"1,112"
2022,Annual,Amador County,California Dept of Finance,"40,105"
2021,Annual,Amador County,California Dept of Finance,"40,262"
2020,Annual,Amador County,California Dept of Finance,"40,440"
2019,Annual,Amador County,California Dept of Finance,"40,279"
2018,Annual,Amador County,California Dept of Finance,"40,038"
2017,Annual,Amador County,California Dept of Finance,"38,549"
2016,Annual,Amador County,California Dept of Finance,"37,929"
2015,Annual,Amador County,California Dept of Finance,"36,905"
2014,Annual,Amador County,California Dept of Finance,"36,099"
2022,Annual,Butte County,California Dept of Finance,"206,498"
2021,Annual,Butte County,California Dept of Finance,"206,121"
2020,Annual,Butte County,California Dept of Finance,"210,349"
2019,Annual,Butte County,California Dept of Finance,"226,714"
2018,Annual,Butte County,California Dept of Finance,"234,627"
2017,Annual,Butte County,California Dept of Finance,"233,080"
2016,Annual,Butte County,California Dept of Finance,"230,681"
2015,Annual,Butte County,California Dept of Finance,"229,359"
2014,Annual,Butte County,California Dept of Finance,"223,905"
2022,Annual,Calaveras County,California Dept of Finance,"44,769"
2021,Annual,Calaveras County,California Dept of Finance,"45,011"
2020,Annual,Calaveras County,California Dept of Finance,"45,262"
2019,Annual,Calaveras County,California Dept of Finance,"45,285"
2018,Annual,Calaveras County,California Dept of Finance,"45,365"
2017,Annual,Calaveras County,California Dept of Finance,"45,354"
2016,Annual,Calaveras County,California Dept of Finance,"45,365"
2015,Annual,Calaveras County,California Dept of Finance,"45,414"
2014,Annual,Calaveras County,California Dept of Finance,"45,079"
2022,Annual,Colusa County,California Dept of Finance,"21,814"
2021,Annual,Colusa County,California Dept of Finance,"21,884"
2020,Annual,Colusa County,California Dept of Finance,"21,867"
2019,Annual,Colusa County,California Dept of Finance,"21,745"
2018,Annual,Colusa County,California Dept of Finance,"21,690"
2017,Annual,Colusa County,California Dept of Finance,"21,792"
2016,Annual,Colusa County,California Dept of Finance,"21,677"
2015,Annual,Colusa County,California Dept of Finance,"21,455"
2014,Annual,Colusa County,California Dept of Finance,"21,606"
2022,Annual,Contra Costa County,California Dept of Finance,"1,150,114"
2021,Annual,Contra Costa County,California Dept of Finance,"1,159,901"
2020,Annual,Contra Costa County,California Dept of Finance,"1,167,327"
2019,Annual,Contra Costa County,California Dept of Finance,"1,162,287"
2018,Annual,Contra Costa County,California Dept of Finance,"1,158,017"
2017,Annual,Contra Costa County,California Dept of Finance,"1,149,457"
2016,Annual,Contra Costa County,California Dept of Finance,"1,141,566"
2015,Annual,Contra Costa County,California Dept of Finance,"1,128,317"
2014,Annual,Contra Costa County,California Dept of Finance,"1,096,637"
2022,Annual,Del Norte County,California Dept of Finance,"26,738"
2021,Annual,Del Norte County,California Dept of Finance,"27,368"
2020,Annual,Del Norte County,California Dept of Finance,"27,645"
2019,Annual,Del Norte County,California Dept of Finance,"27,604"
2018,Annual,Del Norte County,California Dept of Finance,"27,572"
2017,Annual,Del Norte County,California Dept of Finance,"26,898"
2016,Annual,Del Norte County,California Dept of Finance,"27,070"
2015,Annual,Del Norte County,California Dept of Finance,"27,113"
2014,Annual,Del Norte County,California Dept of Finance,"28,219"
2022,Annual,El Dorado County,California Dept of Finance,"189,386"
2021,Annual,El Dorado County,California Dept of Finance,"191,437"
2020,Annual,El Dorado County,California Dept of Finance,"191,522"
2019,Annual,El Dorado County,California Dept of Finance,"187,905"
2018,Annual,El Dorado County,California Dept of Finance,"187,122"
2017,Annual,El Dorado County,California Dept of Finance,"184,800"
2016,Annual,El Dorado County,California Dept of Finance,"182,937"
2015,Annual,El Dorado County,California Dept of Finance,"182,205"
2014,Annual,El Dorado County,California Dept of Finance,"183,957"
2022,Annual,Fresno County,California Dept of Finance,"1,011,462"
2021,Annual,Fresno County,California Dept of Finance,"1,010,417"
2020,Annual,Fresno County,California Dept of Finance,"1,007,436"
2019,Annual,Fresno County,California Dept of Finance,"1,001,640"
2018,Annual,Fresno County,California Dept of Finance,"993,965"
2017,Annual,Fresno County,California Dept of Finance,"985,393"
2016,Annual,Fresno County,California Dept of Finance,"977,361"
2015,Annual,Fresno County,California Dept of Finance,"970,859"
2014,Annual,Fresno County,California Dept of Finance,"967,491"
2022,Annual,Glenn County,California Dept of Finance,"28,449"
2021,Annual,Glenn County,California Dept of Finance,"28,709"
2020,Annual,Glenn County,California Dept of Finance,"28,854"
2019,Annual,Glenn County,California Dept of Finance,"28,525"
2018,Annual,Glenn County,California Dept of Finance,"28,134"
2017,Annual,Glenn County,California Dept of Finance,"28,072"
2016,Annual,Glenn County,California Dept of Finance,"28,005"
2015,Annual,Glenn County,California Dept of Finance,"28,001"
2014,Annual,Glenn County,California Dept of Finance,"28,715"
2022,Annual,Humboldt County,California Dept of Finance,"134,657"
2021,Annual,Humboldt County,California Dept of Finance,"134,695"
2020,Annual,Humboldt County,California Dept of Finance,"136,406"
2019,Annual,Humboldt County,California Dept of Finance,"136,740"
2018,Annual,Humboldt County,California Dept of Finance,"137,493"
2017,Annual,Humboldt County,California Dept of Finance,"137,492"
2016,Annual,Humboldt County,California Dept of Finance,"137,346"
2015,Annual,Humboldt County,California Dept of Finance,"136,348"
2014,Annual,Humboldt County,California Dept of Finance,"134,609"
2022,Annual,Imperial County,California Dept of Finance,"179,914"
2021,Annual,Imperial County,California Dept of Finance,"179,807"
2020,Annual,Imperial County,California Dept of Finance,"180,376"
2019,Annual,Imperial County,California Dept of Finance,"180,809"
2018,Annual,Imperial County,California Dept of Finance,"180,627"
2017,Annual,Imperial County,California Dept of Finance,"180,627"
2016,Annual,Imperial County,California Dept of Finance,"180,280"
2015,Annual,Imperial County,California Dept of Finance,"179,952"
2014,Annual,Imperial County,California Dept of Finance,"181,103"
2022,Annual,Inyo County,California Dept of Finance,"18,847"
2021,Annual,Inyo County,California Dept of Finance,"18,874"
2020,Annual,Inyo County,California Dept of Finance,"18,954"
2019,Annual,Inyo County,California Dept of Finance,"18,947"
2018,Annual,Inyo County,California Dept of Finance,"18,953"
2017,Annual,Inyo County,California Dept of Finance,"18,945"
2016,Annual,Inyo County,California Dept of Finance,"18,956"
2015,Annual,Inyo County,California Dept of Finance,"18,911"
2014,Annual,Inyo County,California Dept of Finance,"18,612"
2022,Annual,Kern County,California Dept of Finance,"908,708"
2021,Annual,Kern County,California Dept of Finance,"908,418"
2020,Annual,Kern County,California Dept of Finance,"905,783"
2019,Annual,Kern County,California Dept of Finance,"903,150"
2018,Annual,Kern County,California Dept of Finance,"895,655"
2017,Annual,Kern County,California Dept of Finance,"888,203"
2016,Annual,Kern County,California Dept of Finance,"880,702"
2015,Annual,Kern County,California Dept of Finance,"878,081"
2014,Annual,Kern County,California Dept of Finance,"872,322"
2022,Annual,Kings County,California Dept of Finance,"151,954"
2021,Annual,Kings County,California Dept of Finance,"151,751"
2020,Annual,Kings County,California Dept of Finance,"152,531"
2019,Annual,Kings County,California Dept of Finance,"151,691"
2018,Annual,Kings County,California Dept of Finance,"151,040"
2017,Annual,Kings County,California Dept of Finance,"148,933"
2016,Annual,Kings County,California Dept of Finance,"147,615"
2015,Annual,Kings County,California Dept of Finance,"148,525"
2014,Annual,Kings County,California Dept of Finance,"149,788"
2022,Annual,Lake County,California Dept of Finance,"67,206"
2021,Annual,Lake County,California Dept of Finance,"67,714"
2020,Annual,Lake County,California Dept of Finance,"67,864"
2019,Annual,Lake County,California Dept of Finance,"68,114"
2018,Annual,Lake County,California Dept of Finance,"68,358"
2017,Annual,Lake County,California Dept of Finance,"67,963"
2016,Annual,Lake County,California Dept of Finance,"66,945"
2015,Annual,Lake County,California Dept of Finance,"66,931"
2014,Annual,Lake County,California Dept of Finance,"64,744"
2022,Annual,Lassen County,California Dept of Finance,"29,544"
2021,Annual,Lassen County,California Dept of Finance,"31,054"
2020,Annual,Lassen County,California Dept of Finance,"31,926"
2019,Annual,Lassen County,California Dept of Finance,"32,857"
2018,Annual,Lassen County,California Dept of Finance,"32,936"
2017,Annual,Lassen County,California Dept of Finance,"32,655"
2016,Annual,Lassen County,California Dept of Finance,"32,309"
2015,Annual,Lassen County,California Dept of Finance,"31,697"
2014,Annual,Lassen County,California Dept of Finance,"33,613"
2022,Annual,Los Angeles County,California Dept of Finance,"9,840,925"
2021,Annual,Los Angeles County,California Dept of Finance,"9,908,772"
2020,Annual,Los Angeles County,California Dept of Finance,"10,014,848"
2019,Annual,Los Angeles County,California Dept of Finance,"10,063,851"
2018,Annual,Los Angeles County,California Dept of Finance,"10,100,671"
2017,Annual,Los Angeles County,California Dept of Finance,"10,114,636"
2016,Annual,Los Angeles County,California Dept of Finance,"10,099,858"
2015,Annual,Los Angeles County,California Dept of Finance,"10,083,826"
2014,Annual,Los Angeles County,California Dept of Finance,"10,069,036"
2022,Annual,Madera County,California Dept of Finance,"157,287"
2021,Annual,Madera County,California Dept of Finance,"157,008"
2020,Annual,Madera County,California Dept of Finance,"156,422"
2019,Annual,Madera County,California Dept of Finance,"155,291"
2018,Annual,Madera County,California Dept of Finance,"155,476"
2017,Annual,Madera County,California Dept of Finance,"154,238"
2016,Annual,Madera County,California Dept of Finance,"153,136"
2015,Annual,Madera County,California Dept of Finance,"152,897"
2014,Annual,Madera County,California Dept of Finance,"154,278"
2022,Annual,Marin County,California Dept of Finance,"255,851"
2021,Annual,Marin County,California Dept of Finance,"258,719"
2020,Annual,Marin County,California Dept of Finance,"262,161"
2019,Annual,Marin County,California Dept of Finance,"263,917"
2018,Annual,Marin County,California Dept of Finance,"264,944"
2017,Annual,Marin County,California Dept of Finance,"264,753"
2016,Annual,Marin County,California Dept of Finance,"265,181"
2015,Annual,Marin County,California Dept of Finance,"263,964"
2014,Annual,Marin County,California Dept of Finance,"258,324"
2022,Annual,Mariposa County,California Dept of Finance,"16,943"
2021,Annual,Mariposa County,California Dept of Finance,"17,015"
2020,Annual,Mariposa County,California Dept of Finance,"17,102"
2019,Annual,Mariposa County,California Dept of Finance,"17,213"
2018,Annual,Mariposa County,California Dept of Finance,"17,345"
2017,Annual,Mariposa County,California Dept of Finance,"17,502"
2016,Annual,Mariposa County,California Dept of Finance,"17,644"
2015,Annual,Mariposa County,California Dept of Finance,"17,732"
2014,Annual,Mariposa County,California Dept of Finance,"17,864"
2022,Annual,Mendocino County,California Dept of Finance,"89,960"
2021,Annual,Mendocino County,California Dept of Finance,"90,854"
2020,Annual,Mendocino County,California Dept of Finance,"91,319"
2019,Annual,Mendocino County,California Dept of Finance,"91,727"
2018,Annual,Mendocino County,California Dept of Finance,"91,726"
2017,Annual,Mendocino County,California Dept of Finance,"91,609"
2016,Annual,Mendocino County,California Dept of Finance,"91,021"
2015,Annual,Mendocino County,California Dept of Finance,"90,198"
2014,Annual,Mendocino County,California Dept of Finance,"88,545"
2022,Annual,Merced County,California Dept of Finance,"285,140"
2021,Annual,Merced County,California Dept of Finance,"281,695"
2020,Annual,Merced County,California Dept of Finance,"281,128"
2019,Annual,Merced County,California Dept of Finance,"278,157"
2018,Annual,Merced County,California Dept of Finance,"274,871"
2017,Annual,Merced County,California Dept of Finance,"272,610"
2016,Annual,Merced County,California Dept of Finance,"268,701"
2015,Annual,Merced County,California Dept of Finance,"267,099"
2014,Annual,Merced County,California Dept of Finance,"265,069"
2022,Annual,Modoc County,California Dept of Finance,"8,517"
2021,Annual,Modoc County,California Dept of Finance,"8,542"
2020,Annual,Modoc County,California Dept of Finance,"8,686"
2019,Annual,Modoc County,California Dept of Finance,"8,709"
2018,Annual,Modoc County,California Dept of Finance,"8,755"
2017,Annual,Modoc County,California Dept of Finance,"8,691"
2016,Annual,Modoc County,California Dept of Finance,"8,795"
2015,Annual,Modoc County,California Dept of Finance,"8,952"
2014,Annual,Modoc County,California Dept of Finance,"9,417"
2022,Annual,Mono County,California Dept of Finance,"13,185"
2021,Annual,Mono County,California Dept of Finance,"13,276"
2020,Annual,Mono County,California Dept of Finance,"13,368"
2019,Annual,Mono County,California Dept of Finance,"13,227"
2018,Annual,Mono County,California Dept of Finance,"13,222"
2017,Annual,Mono County,California Dept of Finance,"13,355"
2016,Annual,Mono County,California Dept of Finance,"13,389"
2015,Annual,Mono County,California Dept of Finance,"13,548"
2014,Annual,Mono County,California Dept of Finance,"14,560"
2022,Annual,Monterey County,California Dept of Finance,"436,843"
2021,Annual,Monterey County,California Dept of Finance,"438,349"
2020,Annual,Monterey County,California Dept of Finance,"439,762"
2019,Annual,Monterey County,California Dept of Finance,"440,874"
2018,Annual,Monterey County,California Dept of Finance,"439,618"
2017,Annual,Monterey County,California Dept of Finance,"438,011"
2016,Annual,Monterey County,California Dept of Finance,"437,116"
2015,Annual,Monterey County,California Dept of Finance,"433,478"
2014,Annual,Monterey County,California Dept of Finance,"425,365"
2022,Annual,Napa County,California Dept of Finance,"135,497"
2021,Annual,Napa County,California Dept of Finance,"136,891"
2020,Annual,Napa County,California Dept of Finance,"138,058"
2019,Annual,Napa County,California Dept of Finance,"138,965"
2018,Annual,Napa County,California Dept of Finance,"139,558"
2017,Annual,Napa County,California Dept of Finance,"140,299"
2016,Annual,Napa County,California Dept of Finance,"141,089"
2015,Annual,Napa County,California Dept of Finance,"140,955"
2014,Annual,Napa County,California Dept of Finance,"140,348"
2022,Annual,Nevada County,California Dept of Finance,"101,137"
2021,Annual,Nevada County,California Dept of Finance,"102,435"
2020,Annual,Nevada County,California Dept of Finance,"102,648"
2019,Annual,Nevada County,California Dept of Finance,"102,298"
2018,Annual,Nevada County,California Dept of Finance,"101,920"
2017,Annual,Nevada County,California Dept of Finance,"101,384"
2016,Annual,Nevada County,California Dept of Finance,"100,919"
2015,Annual,Nevada County,California Dept of Finance,"100,456"
2014,Annual,Nevada County,California Dept of Finance,"98,235"
2022,Annual,Orange County,California Dept of Finance,"3,154,042"
2021,Annual,Orange County,California Dept of Finance,"3,164,848"
2020,Annual,Orange County,California Dept of Finance,"3,188,652"
2019,Annual,Orange County,California Dept of Finance,"3,191,365"
2018,Annual,Orange County,California Dept of Finance,"3,193,464"
2017,Annual,Orange County,California Dept of Finance,"3,188,158"
2016,Annual,Orange County,California Dept of Finance,"3,170,359"
2015,Annual,Orange County,California Dept of Finance,"3,155,895"
2014,Annual,Orange County,California Dept of Finance,"3,132,681"
2022,Annual,Placer County,California Dept of Finance,"409,692"
2021,Annual,Placer County,California Dept of Finance,"408,769"
2020,Annual,Placer County,California Dept of Finance,"406,495"
2019,Annual,Placer County,California Dept of Finance,"401,671"
2018,Annual,Placer County,California Dept of Finance,"395,677"
2017,Annual,Placer County,California Dept of Finance,"388,773"
2016,Annual,Placer County,California Dept of Finance,"382,010"
2015,Annual,Placer County,California Dept of Finance,"376,215"
2014,Annual,Placer County,California Dept of Finance,"369,726"
2022,Annual,Plumas County,California Dept of Finance,"19,280"
2021,Annual,Plumas County,California Dept of Finance,"19,733"
2020,Annual,Plumas County,California Dept of Finance,"19,871"
2019,Annual,Plumas County,California Dept of Finance,"19,807"
2018,Annual,Plumas County,California Dept of Finance,"19,575"
2017,Annual,Plumas County,California Dept of Finance,"19,642"
2016,Annual,Plumas County,California Dept of Finance,"19,672"
2015,Annual,Plumas County,California Dept of Finance,"19,701"
2014,Annual,Plumas County,California Dept of Finance,"19,687"
2022,Annual,Riverside County,California Dept of Finance,"2,432,203"
2021,Annual,Riverside County,California Dept of Finance,"2,429,268"
2020,Annual,Riverside County,California Dept of Finance,"2,423,288"
2019,Annual,Riverside County,California Dept of Finance,"2,400,535"
2018,Annual,Riverside County,California Dept of Finance,"2,383,773"
2017,Annual,Riverside County,California Dept of Finance,"2,361,995"
2016,Annual,Riverside County,California Dept of Finance,"2,337,698"
2015,Annual,Riverside County,California Dept of Finance,"2,313,162"
2014,Annual,Riverside County,California Dept of Finance,"2,295,298"
2022,Annual,Sacramento County,California Dept of Finance,"1,578,644"
2021,Annual,Sacramento County,California Dept of Finance,"1,583,966"
2020,Annual,Sacramento County,California Dept of Finance,"1,587,542"
2019,Annual,Sacramento County,California Dept of Finance,"1,570,918"
2018,Annual,Sacramento County,California Dept of Finance,"1,554,668"
2017,Annual,Sacramento County,California Dept of Finance,"1,536,517"
2016,Annual,Sacramento County,California Dept of Finance,"1,520,401"
2015,Annual,Sacramento County,California Dept of Finance,"1,502,821"
2014,Annual,Sacramento County,California Dept of Finance,"1,460,480"
2022,Annual,San Benito County,California Dept of Finance,"65,481"
2021,Annual,San Benito County,California Dept of Finance,"65,182"
2020,Annual,San Benito County,California Dept of Finance,"64,450"
2019,Annual,San Benito County,California Dept of Finance,"63,282"
2018,Annual,San Benito County,California Dept of Finance,"61,848"
2017,Annual,San Benito County,California Dept of Finance,"60,733"
2016,Annual,San Benito County,California Dept of Finance,"60,087"
2015,Annual,San Benito County,California Dept of Finance,"59,220"
2014,Annual,San Benito County,California Dept of Finance,"57,993"
2022,Annual,San Bernardino County,California Dept of Finance,"2,179,263"
2021,Annual,San Bernardino County,California Dept of Finance,"2,183,756"
2020,Annual,San Bernardino County,California Dept of Finance,"2,185,348"
2019,Annual,San Bernardino County,California Dept of Finance,"2,174,437"
2018,Annual,San Bernardino County,California Dept of Finance,"2,160,036"
2017,Annual,San Bernardino County,California Dept of Finance,"2,147,291"
2016,Annual,San Bernardino County,California Dept of Finance,"2,132,121"
2015,Annual,San Bernardino County,California Dept of Finance,"2,119,575"
2014,Annual,San Bernardino County,California Dept of Finance,"2,091,618"
2022,Annual,San Diego County,California Dept of Finance,"3,293,911"
2021,Annual,San Diego County,California Dept of Finance,"3,285,268"
2020,Annual,San Diego County,California Dept of Finance,"3,304,801"
2019,Annual,San Diego County,California Dept of Finance,"3,294,272"
2018,Annual,San Diego County,California Dept of Finance,"3,293,350"
2017,Annual,San Diego County,California Dept of Finance,"3,276,113"
2016,Annual,San Diego County,California Dept of Finance,"3,263,517"
2015,Annual,San Diego County,California Dept of Finance,"3,248,371"
2014,Annual,San Diego County,California Dept of Finance,"3,212,298"
2022,Annual,San Francisco County,California Dept of Finance,"843,094"
2021,Annual,San Francisco County,California Dept of Finance,"841,721"
2020,Annual,San Francisco County,California Dept of Finance,"870,734"
2019,Annual,San Francisco County,California Dept of Finance,"872,205"
2018,Annual,San Francisco County,California Dept of Finance,"872,338"
2017,Annual,San Francisco County,California Dept of Finance,"868,879"
2016,Annual,San Francisco County,California Dept of Finance,"863,546"
2015,Annual,San Francisco County,California Dept of Finance,"857,037"
2014,Annual,San Francisco County,California Dept of Finance,"837,831"
2022,Annual,San Joaquin County,California Dept of Finance,"784,017"
2021,Annual,San Joaquin County,California Dept of Finance,"781,946"
2020,Annual,San Joaquin County,California Dept of Finance,"779,968"
2019,Annual,San Joaquin County,California Dept of Finance,"771,083"
2018,Annual,San Joaquin County,California Dept of Finance,"759,753"
2017,Annual,San Joaquin County,California Dept of Finance,"750,306"
2016,Annual,San Joaquin County,California Dept of Finance,"739,814"
2015,Annual,San Joaquin County,California Dept of Finance,"729,411"
2014,Annual,San Joaquin County,California Dept of Finance,"711,797"
2022,Annual,San Luis Obispo County,California Dept of Finance,"280,629"
2021,Annual,San Luis Obispo County,California Dept of Finance,"278,527"
2020,Annual,San Luis Obispo County,California Dept of Finance,"282,671"
2019,Annual,San Luis Obispo County,California Dept of Finance,"282,617"
2018,Annual,San Luis Obispo County,California Dept of Finance,"282,952"
2017,Annual,San Luis Obispo County,California Dept of Finance,"282,103"
2016,Annual,San Luis Obispo County,California Dept of Finance,"281,681"
2015,Annual,San Luis Obispo County,California Dept of Finance,"279,800"
2014,Annual,San Luis Obispo County,California Dept of Finance,"273,323"
2022,Annual,San Mateo County,California Dept of Finance,"746,262"
2021,Annual,San Mateo County,California Dept of Finance,"749,908"
2020,Annual,San Mateo County,California Dept of Finance,"762,754"
2019,Annual,San Mateo County,California Dept of Finance,"766,312"
2018,Annual,San Mateo County,California Dept of Finance,"766,711"
2017,Annual,San Mateo County,California Dept of Finance,"765,601"
2016,Annual,San Mateo County,California Dept of Finance,"764,070"
2015,Annual,San Mateo County,California Dept of Finance,"761,484"
2014,Annual,San Mateo County,California Dept of Finance,"748,438"
2022,Annual,Santa Barbara County,California Dept of Finance,"443,956"
2021,Annual,Santa Barbara County,California Dept of Finance,"439,100"
2020,Annual,Santa Barbara County,California Dept of Finance,"447,860"
2019,Annual,Santa Barbara County,California Dept of Finance,"448,815"
2018,Annual,Santa Barbara County,California Dept of Finance,"447,666"
2017,Annual,Santa Barbara County,California Dept of Finance,"445,801"
2016,Annual,Santa Barbara County,California Dept of Finance,"444,277"
2015,Annual,Santa Barbara County,California Dept of Finance,"442,188"
2014,Annual,Santa Barbara County,California Dept of Finance,"436,516"
2022,Annual,Santa Clara County,California Dept of Finance,"1,903,274"
2021,Annual,Santa Clara County,California Dept of Finance,"1,899,926"
2020,Annual,Santa Clara County,California Dept of Finance,"1,926,546"
2019,Annual,Santa Clara County,California Dept of Finance,"1,936,521"
2018,Annual,Santa Clara County,California Dept of Finance,"1,937,985"
2017,Annual,Santa Clara County,California Dept of Finance,"1,932,947"
2016,Annual,Santa Clara County,California Dept of Finance,"1,925,914"
2015,Annual,Santa Clara County,California Dept of Finance,"1,914,457"
2014,Annual,Santa Clara County,California Dept of Finance,"1,874,526"
2022,Annual,Santa Cruz County,California Dept of Finance,"265,158"
2021,Annual,Santa Cruz County,California Dept of Finance,"263,170"
2020,Annual,Santa Cruz County,California Dept of Finance,"271,222"
2019,Annual,Santa Cruz County,California Dept of Finance,"272,182"
2018,Annual,Santa Cruz County,California Dept of Finance,"273,527"
2017,Annual,Santa Cruz County,California Dept of Finance,"274,739"
2016,Annual,Santa Cruz County,California Dept of Finance,"275,452"
2015,Annual,Santa Cruz County,California Dept of Finance,"274,762"
2014,Annual,Santa Cruz County,California Dept of Finance,"271,857"
2022,Annual,Shasta County,California Dept of Finance,"179,786"
2021,Annual,Shasta County,California Dept of Finance,"181,374"
2020,Annual,Shasta County,California Dept of Finance,"182,029"
2019,Annual,Shasta County,California Dept of Finance,"181,387"
2018,Annual,Shasta County,California Dept of Finance,"181,472"
2017,Annual,Shasta County,California Dept of Finance,"181,095"
2016,Annual,Shasta County,California Dept of Finance,"180,287"
2015,Annual,Shasta County,California Dept of Finance,"180,812"
2014,Annual,Shasta County,California Dept of Finance,"178,522"
2022,Annual,Sierra County,California Dept of Finance,"3,186"
2021,Annual,Sierra County,California Dept of Finance,"3,212"
2020,Annual,Sierra County,California Dept of Finance,"3,232"
2019,Annual,Sierra County,California Dept of Finance,"3,233"
2018,Annual,Sierra County,California Dept of Finance,"3,232"
2017,Annual,Sierra County,California Dept of Finance,"3,233"
2016,Annual,Sierra County,California Dept of Finance,"3,220"
2015,Annual,Sierra County,California Dept of Finance,"3,213"
2014,Annual,Sierra County,California Dept of Finance,"3,093"
2022,Annual,Siskiyou County,California Dept of Finance,"43,307"
2021,Annual,Siskiyou County,California Dept of Finance,"43,543"
2020,Annual,Siskiyou County,California Dept of Finance,"43,996"
2019,Annual,Siskiyou County,California Dept of Finance,"44,193"
2018,Annual,Siskiyou County,California Dept of Finance,"44,305"
2017,Annual,Siskiyou County,California Dept of Finance,"44,390"
2016,Annual,Siskiyou County,California Dept of Finance,"44,554"
2015,Annual,Siskiyou County,California Dept of Finance,"44,655"
2014,Annual,Siskiyou County,California Dept of Finance,"45,317"
2022,Annual,Solano County,California Dept of Finance,"447,012"
2021,Annual,Solano County,California Dept of Finance,"449,539"
2020,Annual,Solano County,California Dept of Finance,"452,943"
2019,Annual,Solano County,California Dept of Finance,"451,701"
2018,Annual,Solano County,California Dept of Finance,"449,091"
2017,Annual,Solano County,California Dept of Finance,"445,721"
2016,Annual,Solano County,California Dept of Finance,"441,224"
2015,Annual,Solano County,California Dept of Finance,"435,902"
2014,Annual,Solano County,California Dept of Finance,"427,743"
2022,Annual,Sonoma County,California Dept of Finance,"481,297"
2021,Annual,Sonoma County,California Dept of Finance,"483,300"
2020,Annual,Sonoma County,California Dept of Finance,"488,765"
2019,Annual,Sonoma County,California Dept of Finance,"492,668"
2018,Annual,Sonoma County,California Dept of Finance,"496,869"
2017,Annual,Sonoma County,California Dept of Finance,"501,111"
2016,Annual,Sonoma County,California Dept of Finance,"501,989"
2015,Annual,Sonoma County,California Dept of Finance,"500,553"
2014,Annual,Sonoma County,California Dept of Finance,"495,684"
2022,Annual,Stanislaus County,California Dept of Finance,"547,905"
2021,Annual,Stanislaus County,California Dept of Finance,"550,885"
2020,Annual,Stanislaus County,California Dept of Finance,"553,129"
2019,Annual,Stanislaus County,California Dept of Finance,"551,566"
2018,Annual,Stanislaus County,California Dept of Finance,"549,544"
2017,Annual,Stanislaus County,California Dept of Finance,"546,499"
2016,Annual,Stanislaus County,California Dept of Finance,"540,856"
2015,Annual,Stanislaus County,California Dept of Finance,"535,436"
2014,Annual,Stanislaus County,California Dept of Finance,"530,327"
2022,Annual,Sutter County,California Dept of Finance,"98,641"
2021,Annual,Sutter County,California Dept of Finance,"99,020"
2020,Annual,Sutter County,California Dept of Finance,"99,474"
2019,Annual,Sutter County,California Dept of Finance,"101,046"
2018,Annual,Sutter County,California Dept of Finance,"99,334"
2017,Annual,Sutter County,California Dept of Finance,"97,771"
2016,Annual,Sutter County,California Dept of Finance,"96,517"
2015,Annual,Sutter County,California Dept of Finance,"95,844"
2014,Annual,Sutter County,California Dept of Finance,"96,408"
2022,Annual,Tehama County,California Dept of Finance,"64,993"
2021,Annual,Tehama County,California Dept of Finance,"65,424"
2020,Annual,Tehama County,California Dept of Finance,"65,847"
2019,Annual,Tehama County,California Dept of Finance,"65,312"
2018,Annual,Tehama County,California Dept of Finance,"64,568"
2017,Annual,Tehama County,California Dept of Finance,"64,141"
2016,Annual,Tehama County,California Dept of Finance,"63,999"
2015,Annual,Tehama County,California Dept of Finance,"63,509"
2014,Annual,Tehama County,California Dept of Finance,"64,226"
2022,Annual,Trinity County,California Dept of Finance,"15,927"
2021,Annual,Trinity County,California Dept of Finance,"16,009"
2020,Annual,Trinity County,California Dept of Finance,"16,107"
2019,Annual,Trinity County,California Dept of Finance,"16,054"
2018,Annual,Trinity County,California Dept of Finance,"15,754"
2017,Annual,Trinity County,California Dept of Finance,"15,498"
2016,Annual,Trinity County,California Dept of Finance,"14,840"
2015,Annual,Trinity County,California Dept of Finance,"14,228"
2014,Annual,Trinity County,California Dept of Finance,"13,399"
2022,Annual,Tulare County,California Dept of Finance,"474,861"
2021,Annual,Tulare County,California Dept of Finance,"474,780"
2020,Annual,Tulare County,California Dept of Finance,"472,757"
2019,Annual,Tulare County,California Dept of Finance,"470,619"
2018,Annual,Tulare County,California Dept of Finance,"467,656"
2017,Annual,Tulare County,California Dept of Finance,"465,343"
2016,Annual,Tulare County,California Dept of Finance,"462,223"
2015,Annual,Tulare County,California Dept of Finance,"459,935"
2014,Annual,Tulare County,California Dept of Finance,"459,176"
2022,Annual,Tuolumne County,California Dept of Finance,"53,409"
2021,Annual,Tuolumne County,California Dept of Finance,"54,690"
2020,Annual,Tuolumne County,California Dept of Finance,"55,492"
2019,Annual,Tuolumne County,California Dept of Finance,"55,316"
2018,Annual,Tuolumne County,California Dept of Finance,"55,311"
2017,Annual,Tuolumne County,California Dept of Finance,"55,032"
2016,Annual,Tuolumne County,California Dept of Finance,"55,162"
2015,Annual,Tuolumne County,California Dept of Finance,"55,104"
2014,Annual,Tuolumne County,California Dept of Finance,"53,887"
2022,Annual,Ventura County,California Dept of Finance,"830,434"
2021,Annual,Ventura County,California Dept of Finance,"837,619"
2020,Annual,Ventura County,California Dept of Finance,"844,214"
2019,Annual,Ventura County,California Dept of Finance,"845,474"
2018,Annual,Ventura County,California Dept of Finance,"849,523"
2017,Annual,Ventura County,California Dept of Finance,"849,979"
2016,Annual,Ventura County,California Dept of Finance,"850,227"
2015,Annual,Ventura County,California Dept of Finance,"850,038"
2014,Annual,Ventura County,California Dept of Finance,"844,259"
2022,Annual,Yolo County,California Dept of Finance,"221,342"
2021,Annual,Yolo County,California Dept of Finance,"214,339"
2020,Annual,Yolo County,California Dept of Finance,"217,883"
2019,Annual,Yolo County,California Dept of Finance,"216,073"
2018,Annual,Yolo County,California Dept of Finance,"216,474"
2017,Annual,Yolo County,California Dept of Finance,"215,072"
2016,Annual,Yolo County,California Dept of Finance,"213,224"
2015,Annual,Yolo County,California Dept of Finance,"209,893"
2014,Annual,Yolo County,California Dept of Finance,"207,212"
2022,Annual,Yuba County,California Dept of Finance,"82,667"
2021,Annual,Yuba County,California Dept of Finance,"82,256"
2020,Annual,Yuba County,California Dept of Finance,"81,919"
2019,Annual,Yuba County,California Dept of Finance,"80,250"
2018,Annual,Yuba County,California Dept of Finance,"79,043"
2017,Annual,Yuba County,California Dept of Finance,"78,181"
2016,Annual,Yuba County,California Dept of Finance,"76,782"
2015,Annual,Yuba County,California Dept of Finance,"75,748"
2014,Annual,Yuba County,California Dept of Finance,"73,425"